trade_id,client_id,instrument_id,ticker,trade_date,price,rolling_mean_20t,rolling_stddev_20t,z_score,is_anomaly
23854,2,26,MERIN1,2025-08-22,699.2586,369.144,75.8446,4.353,1
5009,23,25,FALTE3,2024-09-16,216.4389,187.8019,6.5868,4.348,1
37951,3,34,NORIN2,2026-04-28,48.3381,24.898,5.3929,4.347,1
39195,10,34,NORIN2,2026-05-14,91.2193,47.9745,9.9507,4.346,1
3095,22,10,HARIN3,2024-09-12,306.4339,271.8429,7.9677,4.341,1
5247,11,3,BLUAG3,2024-09-17,212.1741,188.6878,5.4187,4.334,1
23203,24,40,ZENCA1,2025-07-28,168.9786,250.6761,18.9056,-4.321,1
5027,23,7,QUACA3,2024-09-16,383.8932,359.346,5.6902,4.314,1
3009,9,32,DELIN7,2024-09-12,47.9219,43.9286,0.9276,4.305,1
5004,4,33,RIDPL0,2024-09-16,31.1922,29.3174,0.4357,4.303,1
5016,22,11,ORBAG4,2024-09-16,34.7122,33.1747,0.3586,4.288,1
1700,8,3,BLUAG3,2024-09-10,178.1947,159.1156,4.4506,4.287,1
20191,10,36,ANCSA3,2025-05-29,99.9259,158.9802,13.8093,-4.276,1
3003,9,7,QUACA3,2024-09-12,354.0414,336.8671,4.0193,4.273,1
4054,21,6,CYBIN4,2024-09-13,273.1291,259.0912,3.2913,4.265,1
4082,4,3,BLUAG3,2024-09-13,186.8819,177.4263,2.2216,4.256,1
5040,10,19,ORBTE0,2024-09-16,52.9686,55.8255,0.6713,-4.256,1
3002,6,34,NORIN2,2024-09-12,34.0321,35.8331,0.4244,-4.244,1
5077,10,1,AURHO3,2024-09-16,61.2259,58.2503,0.7012,4.243,1
5020,8,34,NORIN2,2024-09-16,32.7249,33.9081,0.2802,-4.223,1
4112,16,10,HARIN3,2024-09-13,319.8799,307.018,3.0574,4.207,1
28555,9,26,MERIN1,2025-10-30,882.1544,785.6601,23.0226,4.191,1
5849,4,28,BLUTE2,2024-09-25,142.6379,130.1318,2.9843,4.191,1
4048,10,11,ORBAG4,2024-09-13,33.2321,34.4223,0.2854,-4.171,1
33429,8,22,ANCIN3,2026-02-06,236.4691,217.4001,4.5764,4.167,1
4992,10,6,CYBIN4,2024-09-16,261.1943,271.7846,2.5453,-4.161,1
12824,18,1,AURHO3,2025-01-23,49.0698,46.0329,0.7347,4.134,1
22203,24,15,SILIN4,2025-07-04,369.5163,392.0919,5.4771,-4.122,1
3035,4,19,ORBTE0,2024-09-12,54.3888,52.4285,0.4759,4.119,1
21909,13,33,RIDPL0,2025-07-02,46.2397,42.6998,0.8604,4.114,1
4087,9,23,SILIN3,2024-09-13,89.8506,93.1814,0.8107,-4.109,1
4041,1,25,FALTE3,2024-09-13,185.6225,191.8024,1.5046,-4.107,1
26500,1,26,MERIN1,2025-09-19,846.2086,781.4124,15.8013,4.101,1
8420,9,25,FALTE3,2024-10-31,51.6467,131.5113,19.4851,-4.099,1
5010,1,24,CYBMA0,2024-09-16,90.5506,93.6205,0.7496,-4.095,1
25923,1,1,AURHO3,2025-09-17,40.9217,39.3991,0.3727,4.085,1
4277,7,32,DELIN7,2024-09-13,50.1537,48.4418,0.4204,4.072,1
3040,8,38,NORSA2,2024-09-12,308.2283,317.7329,2.3558,-4.034,1
22059,19,26,MERIN1,2025-07-03,408.1959,416.1304,1.9748,-4.018,1
37612,8,10,HARIN3,2026-04-20,148.0658,132.1505,3.9754,4.003,1
25373,18,23,SILIN3,2025-09-15,128.7705,126.1614,0.6534,3.993,1
16892,23,35,REDHO9,2025-03-12,289.3326,267.6722,5.4364,3.984,1
14157,10,3,BLUAG3,2025-01-30,214.4962,189.0307,6.3962,3.981,1
12798,4,3,BLUAG3,2025-01-23,194.4336,198.456,1.0148,-3.964,1
13122,11,38,NORSA2,2025-01-24,526.8871,553.0304,6.6068,-3.957,1
26829,5,1,AURHO3,2025-09-26,36.5453,38.1981,0.418,-3.954,1
30212,8,40,ZENCA1,2025-12-04,192.522,181.5517,2.7815,3.944,1
6092,23,12,IROAG7,2024-09-30,87.5774,81.7064,1.4918,3.936,1
14352,1,34,NORIN2,2025-02-04,34.4015,31.4851,0.7427,3.927,1
11934,13,39,PIOIN4,2025-01-15,89.6309,100.1538,2.6815,-3.924,1
4052,14,22,ANCIN3,2024-09-13,199.3163,205.1427,1.4869,-3.918,1
37841,11,37,SILPL1,2026-04-24,16.0341,15.299,0.1879,3.912,1
8395,7,34,NORIN2,2024-10-30,30.9688,27.4354,0.9036,3.911,1
25392,12,32,DELIN7,2025-09-15,75.0179,84.3199,2.3793,-3.91,1
5690,9,38,NORSA2,2024-09-20,360.1011,327.1312,8.4365,3.908,1
25663,8,7,QUACA3,2025-09-16,641.543,611.2532,7.7765,3.895,1
25408,23,34,NORIN2,2025-09-15,28.6737,27.7876,0.2278,3.89,1
4055,21,19,ORBTE0,2024-09-13,56.2165,54.6403,0.406,3.882,1
37368,7,16,BLUSA5,2026-04-16,51.9591,53.307,0.3474,-3.88,1
17195,12,7,QUACA3,2025-03-19,540.8103,505.0551,9.2315,3.873,1
39254,8,1,AURHO3,2026-05-15,30.7562,38.8727,2.0985,-3.868,1
13585,9,18,MERGR5,2025-01-28,436.9622,448.0227,2.8618,-3.865,1
13368,18,24,CYBMA0,2025-01-27,88.9012,85.4046,0.9083,3.85,1
33481,4,33,RIDPL0,2026-02-09,32.1847,26.582,1.4571,3.845,1
16341,14,4,AMBPL4,2025-03-04,84.9654,83.5105,0.3785,3.844,1
22788,6,25,FALTE3,2025-07-14,59.9659,63.8799,1.0183,-3.843,1
15985,9,20,ATLPA1,2025-02-28,77.1484,73.9195,0.8427,3.832,1
7799,10,11,ORBAG4,2024-10-25,28.1072,29.986,0.4903,-3.832,1
7077,21,4,AMBPL4,2024-10-18,83.7746,81.0783,0.7067,3.815,1
24693,20,6,CYBIN4,2025-09-10,367.5937,388.9047,5.6136,-3.796,1
9508,20,24,CYBMA0,2024-11-22,79.2622,70.4936,2.3117,3.793,1
22699,18,33,RIDPL0,2025-07-11,37.0175,43.5086,1.7144,-3.786,1
21828,9,32,DELIN7,2025-07-01,79.445,63.5527,4.1984,3.785,1
25395,7,19,ORBTE0,2025-09-15,53.432,47.4087,1.5913,3.785,1
37337,18,1,AURHO3,2026-04-16,31.2204,28.9821,0.5929,3.775,1
4095,10,15,SILIN4,2024-09-13,316.3354,311.4229,1.3032,3.77,1
39835,9,13,AMBPA6,2026-06-01,130.2018,125.1008,1.3564,3.761,1
12812,2,23,SILIN3,2025-01-23,94.9786,93.1403,0.4895,3.756,1
5853,19,2,QUACO1,2024-09-25,85.2981,87.9346,0.7043,-3.743,1
8412,2,21,VERCA7,2024-10-31,373.9202,362.5691,3.0327,3.743,1
37680,4,23,SILIN3,2026-04-21,176.6781,164.5259,3.2546,3.734,1
13877,22,9,CYBPA2,2025-01-29,275.8743,271.5984,1.1464,3.73,1
39106,9,3,BLUAG3,2026-05-13,183.9884,172.3873,3.1119,3.728,1
16365,4,33,RIDPL0,2025-03-04,28.5154,30.2417,0.4634,-3.726,1
15720,4,18,MERGR5,2025-02-27,398.6205,414.5188,4.2681,-3.725,1
15799,9,37,SILPL1,2025-02-27,17.8097,17.2988,0.1373,3.722,1
8300,11,34,NORIN2,2024-10-29,28.7791,27.2203,0.4188,3.722,1
5240,19,36,ANCSA3,2024-09-17,196.1967,199.2407,0.8191,-3.716,1
35871,7,9,CYBPA2,2026-04-01,273.138,290.5234,4.6834,-3.712,1
14293,9,33,RIDPL0,2025-02-03,33.2471,30.8971,0.6332,3.711,1
5007,18,38,NORSA2,2024-09-16,327.8482,322.6668,1.3964,3.711,1
37787,13,11,ORBAG4,2026-04-23,18.6587,19.3503,0.1864,-3.71,1
12092,8,5,WAVPL9,2025-01-17,120.6261,115.4222,1.4028,3.71,1
12347,9,28,BLUTE2,2025-01-21,166.9995,162.4182,1.2398,3.695,1
32057,11,23,SILIN3,2026-01-14,157.0937,151.7942,1.4355,3.692,1
13092,19,4,AMBPL4,2025-01-24,85.0622,88.0032,0.7981,-3.685,1
16749,8,34,NORIN2,2025-03-10,33.3033,35.6157,0.6277,-3.684,1
37718,23,19,ORBTE0,2026-04-22,82.2658,88.8635,1.7957,-3.674,1
14167,23,16,BLUSA5,2025-01-30,54.999,53.7982,0.327,3.673,1
23677,7,15,SILIN4,2025-08-14,294.6125,333.9149,10.7062,-3.671,1
16393,18,39,PIOIN4,2025-03-04,64.9668,61.0365,1.0743,3.659,1
5238,13,39,PIOIN4,2024-09-17,181.8299,179.0475,0.7606,3.658,1
41249,20,1,AURHO3,2026-07-10,30.8569,35.1712,1.1794,-3.658,1
26636,17,3,BLUAG3,2025-09-23,162.7167,172.3526,2.6366,-3.655,1
40357,18,27,CEDCA1,2026-06-15,90.6457,92.5572,0.5232,-3.654,1
5502,9,15,SILIN4,2024-09-18,328.478,318.3085,2.7875,3.648,1
15069,9,20,ATLPA1,2025-02-18,73.1907,71.6164,0.4316,3.647,1
5033,8,20,ATLPA1,2024-09-16,63.2888,62.0609,0.3371,3.643,1
25427,10,5,WAVPL9,2025-09-15,78.1507,75.7925,0.6484,3.637,1
10828,13,17,AURIN2,2024-12-25,107.7806,105.0682,0.7459,3.637,1
35539,12,6,CYBIN4,2026-03-24,347.854,370.3872,6.1964,-3.637,1
13141,10,3,BLUAG3,2025-01-24,183.4173,196.2933,3.5479,-3.629,1
34565,10,10,HARIN3,2026-03-03,168.1577,184.0085,4.3714,-3.626,1
5254,9,34,NORIN2,2024-09-17,29.4256,33.4022,1.0975,-3.623,1
30044,10,3,BLUAG3,2025-12-01,145.7726,133.3614,3.4281,3.62,1
2000,10,11,ORBAG4,2024-09-11,34.3609,36.669,0.6383,-3.616,1
8792,1,4,AMBPL4,2024-11-07,90.1973,85.6703,1.2531,3.613,1
8543,12,11,ORBAG4,2024-11-04,25.4376,28.0771,0.7313,-3.61,1
22077,23,11,ORBAG4,2025-07-03,30.613,34.7875,1.1568,-3.609,1
31827,3,9,CYBPA2,2026-01-09,272.4073,288.5714,4.4955,-3.596,1
6202,7,10,HARIN3,2024-10-02,272.2205,304.2083,8.9053,-3.592,1
4993,11,22,ANCIN3,2024-09-16,195.4584,199.9104,1.2404,-3.589,1
16895,6,11,ORBAG4,2025-03-12,38.9367,33.1414,1.6148,3.589,1
26629,18,26,MERIN1,2025-09-23,949.2525,798.7387,41.9551,3.587,1
20625,17,13,AMBPA6,2025-06-10,154.541,167.6765,3.6631,-3.586,1
39135,2,1,AURHO3,2026-05-13,35.837,39.3194,0.9714,-3.585,1
8342,8,19,ORBTE0,2024-10-30,65.9305,61.4505,1.253,3.575,1
17553,9,2,QUACO1,2025-03-26,90.967,96.241,1.4756,-3.574,1
17429,16,40,ZENCA1,2025-03-24,324.9648,296.4791,7.9759,3.571,1
20004,24,20,ATLPA1,2025-05-23,77.5644,81.1897,1.0156,-3.57,1
5749,13,29,WAVIN1,2024-09-23,88.2301,86.683,0.4341,3.564,1
8682,24,35,REDHO9,2024-11-06,184.6297,192.0525,2.0836,-3.562,1
5034,24,32,DELIN7,2024-09-16,45.0451,49.2863,1.1906,-3.562,1
4994,24,21,VERCA7,2024-09-16,352.0512,359.0327,1.9601,-3.562,1
18688,15,8,SILCA5,2025-04-22,73.2604,70.8915,0.6652,3.561,1
8432,18,19,ORBTE0,2024-10-31,74.1184,63.0559,3.1063,3.561,1
27713,13,6,CYBIN4,2025-10-14,407.8414,390.5369,4.8655,3.557,1
25918,8,33,RIDPL0,2025-09-17,37.9551,36.436,0.4273,3.555,1
34889,4,4,AMBPL4,2026-03-10,94.885,89.9215,1.3981,3.55,1
5048,10,14,WAVIN2,2024-09-16,234.1174,231.1023,0.8506,3.545,1
11952,13,33,RIDPL0,2025-01-15,33.9961,34.995,0.2823,-3.538,1
16381,18,26,MERIN1,2025-03-04,370.0108,382.0043,3.3902,-3.538,1
7154,22,6,CYBIN4,2024-10-21,340.8742,304.7203,10.228,3.535,1
4085,22,1,AURHO3,2024-09-13,58.4573,57.5638,0.2529,3.533,1
22487,8,26,MERIN1,2025-07-09,382.1677,411.4442,8.2924,-3.531,1
38082,4,3,BLUAG3,2026-04-30,156.9721,193.1218,10.2401,-3.53,1
8706,8,6,CYBIN4,2024-11-06,370.959,346.8791,6.8249,3.528,1
4991,17,40,ZENCA1,2024-09-16,290.3331,294.3161,1.1298,-3.526,1
37797,24,10,HARIN3,2026-04-23,156.9878,133.3036,6.7202,3.524,1
5014,18,5,WAVPL9,2024-09-16,115.9053,114.2528,0.4689,3.524,1
34431,13,1,AURHO3,2026-02-27,41.1615,46.2124,1.4342,-3.522,1
25171,9,36,ANCSA3,2025-09-12,95.5706,98.948,0.9591,-3.521,1
5278,2,10,HARIN3,2024-09-17,311.0293,316.8841,1.6642,-3.518,1
4053,22,40,ZENCA1,2024-09-13,293.6112,298.697,1.4469,-3.515,1
11841,1,26,MERIN1,2025-01-14,365.9922,352.4368,3.8618,3.51,1
31501,5,6,CYBIN4,2026-01-05,630.4701,539.1314,26.0281,3.509,1
36084,8,19,ORBTE0,2026-04-06,85.1948,66.4334,5.3471,3.509,1
19689,22,10,HARIN3,2025-05-16,346.7404,301.8089,12.8066,3.508,1
19781,13,24,CYBMA0,2025-05-20,128.2825,120.1254,2.3289,3.503,1
5228,4,13,AMBPA6,2024-09-17,140.836,136.9311,1.1164,3.498,1
37719,23,33,RIDPL0,2026-04-22,27.0512,28.2359,0.3388,-3.497,1
16778,7,5,WAVPL9,2025-03-10,83.0926,95.9013,3.6633,-3.496,1
25664,18,35,REDHO9,2025-09-16,228.7123,215.7035,3.7214,3.496,1
31877,1,34,NORIN2,2026-01-09,26.0361,24.7372,0.3717,3.495,1
40054,2,21,VERCA7,2026-06-05,311.7981,301.0607,3.0726,3.495,1
31954,18,3,BLUAG3,2026-01-13,108.1631,115.761,2.1765,-3.491,1
21083,22,8,SILCA5,2025-06-23,73.4412,72.1711,0.3641,3.489,1
11775,16,23,SILIN3,2025-01-13,93.9625,100.5602,1.8915,-3.488,1
17987,24,1,AURHO3,2025-04-04,39.0932,40.8438,0.502,-3.487,1
6714,22,21,VERCA7,2024-10-11,363.0859,348.4503,4.1985,3.486,1
13843,7,3,BLUAG3,2025-01-29,192.9568,186.2677,1.9194,3.485,1
30270,20,40,ZENCA1,2025-12-05,198.4785,182.3906,4.6214,3.481,1
5680,4,33,RIDPL0,2024-09-20,29.0546,30.3705,0.3781,-3.481,1
34296,7,2,QUACO1,2026-02-25,111.3731,107.2805,1.1787,3.472,1
38758,9,15,SILIN4,2026-05-11,395.9837,384.9691,3.1756,3.468,1
5820,22,19,ORBTE0,2024-09-24,65.5147,55.0035,3.0313,3.468,1
41309,10,16,BLUSA5,2026-07-14,63.55,56.4237,2.0558,3.467,1
14304,12,6,CYBIN4,2025-02-03,486.793,473.2126,3.9194,3.465,1
7035,25,36,ANCSA3,2024-10-17,204.1508,198.8809,1.522,3.462,1
36905,25,19,ORBTE0,2026-04-14,90.3595,101.4537,3.2074,-3.459,1
23045,22,34,NORIN2,2025-07-22,28.6107,26.2342,0.6896,3.446,1
16629,7,15,SILIN4,2025-03-06,353.545,345.1301,2.4433,3.444,1
38925,7,16,BLUSA5,2026-05-12,51.0775,52.1085,0.2996,-3.441,1
14476,22,15,SILIN4,2025-02-05,348.9257,337.3655,3.3627,3.438,1
9884,7,11,ORBAG4,2024-12-02,31.7516,27.0482,1.3702,3.433,1
7087,9,6,CYBIN4,2024-10-18,324.1068,302.3287,6.3526,3.428,1
33549,10,29,WAVIN1,2026-02-10,90.2274,89.3242,0.2635,3.427,1
1970,13,15,SILIN4,2024-09-11,311.3325,305.6137,1.669,3.426,1
40611,14,19,ORBTE0,2026-06-19,128.9135,116.0356,3.759,3.426,1
27395,4,13,AMBPA6,2025-10-08,180.8145,176.0541,1.3902,3.424,1
39222,2,33,RIDPL0,2026-05-15,26.7867,27.8866,0.3213,-3.424,1
32009,18,14,WAVIN2,2026-01-13,610.6158,587.7704,6.6817,3.419,1
8343,23,9,CYBPA2,2024-10-30,241.5246,248.436,2.0258,-3.412,1
7157,10,26,MERIN1,2024-10-21,214.1681,220.062,1.7277,-3.411,1
14662,9,6,CYBIN4,2025-02-10,503.3701,477.6743,7.5364,3.41,1
37662,10,14,WAVIN2,2026-04-21,419.3279,431.9439,3.7028,-3.407,1
8333,9,28,BLUTE2,2024-10-30,154.302,158.9937,1.3772,-3.407,1
39163,18,3,BLUAG3,2026-05-14,202.3143,176.3074,7.6381,3.405,1
8711,19,27,CEDCA1,2024-11-06,85.6054,87.8827,0.6689,-3.404,1
9387,9,40,ZENCA1,2024-11-20,300.7652,286.4983,4.1962,3.4,1
10573,22,27,CEDCA1,2024-12-18,92.5952,88.2428,1.2807,3.398,1
5127,4,23,SILIN3,2024-09-16,91.7504,90.4215,0.3913,3.396,1
31911,8,9,CYBPA2,2026-01-12,263.2676,287.1151,7.0265,-3.394,1
41077,18,11,ORBAG4,2026-07-03,25.2956,22.737,0.7551,3.388,1
26556,24,28,BLUTE2,2025-09-22,151.1918,157.8618,1.9686,-3.388,1
10321,4,13,AMBPA6,2024-12-12,138.4694,142.4697,1.181,-3.387,1
5186,20,18,MERGR5,2024-09-16,316.1667,311.5996,1.3488,3.386,1
31956,17,23,SILIN3,2026-01-13,154.1402,151.5375,0.7693,3.383,1
5519,11,2,QUACO1,2024-09-18,88.8923,87.9569,0.2765,3.383,1
16340,8,1,AURHO3,2025-03-04,41.5745,42.139,0.1669,-3.382,1
26928,4,8,SILCA5,2025-09-29,69.9603,72.4603,0.7397,-3.38,1
6124,24,30,WAVHO2,2024-10-01,97.4014,95.0717,0.6893,3.38,1
19935,6,23,SILIN3,2025-05-22,115.2845,118.719,1.0168,-3.378,1
26959,11,27,CEDCA1,2025-09-30,91.8018,93.8309,0.6007,-3.378,1
38072,9,12,IROAG7,2026-04-30,62.0246,64.0183,0.5903,-3.377,1
17533,4,13,AMBPA6,2025-03-26,150.7755,145.7801,1.4793,3.377,1
8558,8,39,PIOIN4,2024-11-04,120.059,114.5352,1.6362,3.376,1
9888,24,9,CYBPA2,2024-12-02,264.7585,250.5825,4.1996,3.376,1
3006,7,35,REDHO9,2024-09-12,186.8294,184.2697,0.7583,3.375,1
10396,9,16,BLUSA5,2024-12-13,53.4126,51.2987,0.6264,3.375,1
16825,22,25,FALTE3,2025-03-11,48.2405,45.0431,0.9475,3.374,1
17289,9,40,ZENCA1,2025-03-20,304.3106,293.9265,3.0803,3.371,1
34512,17,1,AURHO3,2026-03-02,38.2097,45.8257,2.2597,-3.37,1
40370,18,38,NORSA2,2026-06-15,246.8427,231.2792,4.6181,3.37,1
1483,7,7,QUACA3,2024-09-09,347.629,307.2624,11.9788,3.37,1
17755,8,14,WAVIN2,2025-04-01,330.5218,316.0236,4.3033,3.369,1
30436,18,12,IROAG7,2025-12-10,66.5372,65.2279,0.3886,3.369,1
37865,5,36,ANCSA3,2026-04-24,88.0874,90.9281,0.8435,-3.368,1
23878,10,1,AURHO3,2025-08-22,41.1493,37.8897,0.9682,3.367,1
8926,6,36,ANCSA3,2024-11-11,200.1796,206.8241,1.9744,-3.365,1
33268,9,38,NORSA2,2026-02-04,257.1971,290.0935,9.7808,-3.363,1
29375,19,28,BLUTE2,2025-11-17,145.02,149.9262,1.4591,-3.362,1
23339,9,36,ANCSA3,2025-07-31,91.9388,100.0016,2.3985,-3.362,1
9763,10,10,HARIN3,2024-11-28,216.4452,242.2229,7.6687,-3.361,1
8816,4,23,SILIN3,2024-11-08,104.3319,97.2241,2.1155,3.36,1
39616,18,37,SILPL1,2026-05-26,17.1266,16.2854,0.2504,3.36,1
5237,24,23,SILIN3,2024-09-17,93.4564,90.7134,0.8168,3.358,1
15958,22,8,SILCA5,2025-02-28,73.8591,74.9466,0.3242,-3.354,1
37333,11,34,NORIN2,2026-04-16,24.067,23.2638,0.2395,3.353,1
25413,8,36,ANCSA3,2025-09-15,91.0386,98.3129,2.1702,-3.352,1
41556,14,18,MERGR5,2026-07-22,501.9909,519.621,5.26,-3.352,1
13328,13,23,SILIN3,2025-01-27,97.2943,95.4828,0.5407,3.35,1
37112,9,4,AMBPL4,2026-04-15,104.5405,99.7274,1.438,3.347,1
28108,5,36,ANCSA3,2025-10-22,87.5216,90.8115,0.9829,-3.347,1
31754,13,9,CYBPA2,2026-01-08,280.9191,289.4213,2.5412,-3.346,1
38574,18,7,QUACA3,2026-05-08,575.5901,527.1486,14.4806,3.345,1
25938,9,38,NORSA2,2025-09-17,226.1901,217.6637,2.555,3.337,1
28750,13,33,RIDPL0,2025-11-04,39.0395,41.9185,0.8628,-3.337,1
18773,13,29,WAVIN1,2025-04-24,90.9909,94.9776,1.1958,-3.334,1
32879,9,5,WAVPL9,2026-01-28,67.6556,63.2515,1.3215,3.333,1
25305,5,4,AMBPL4,2025-09-12,79.1678,78.0342,0.3402,3.332,1
33841,20,8,SILCA5,2026-02-16,64.5922,65.6145,0.3068,-3.332,1
39356,7,9,CYBPA2,2026-05-19,265.3649,255.5395,2.9491,3.332,1
40914,10,40,ZENCA1,2026-06-29,183.3993,178.8125,1.3781,3.328,1
6179,8,39,PIOIN4,2024-10-01,159.5746,176.8708,5.1982,-3.327,1
28925,23,10,HARIN3,2025-11-06,365.7837,398.6523,9.8844,-3.325,1
19811,6,33,RIDPL0,2025-05-20,35.37,26.2142,2.7542,3.324,1
19222,22,3,BLUAG3,2025-05-06,193.4921,150.1356,13.0676,3.318,1
23182,19,31,NOVAG4,2025-07-25,111.9344,114.7685,0.8543,-3.317,1
21755,13,39,PIOIN4,2025-07-01,60.0255,61.296,0.3833,-3.315,1
41700,9,40,ZENCA1,2026-07-28,174.4406,180.8465,1.9344,-3.312,1
9817,7,22,ANCIN3,2024-11-29,184.4898,197.9666,4.0703,-3.311,1
25956,22,6,CYBIN4,2025-09-17,372.9028,366.2238,2.0178,3.31,1
2998,15,3,BLUAG3,2024-09-12,176.84,173.5418,0.9971,3.308,1
16372,19,18,MERGR5,2025-03-04,422.8326,403.9392,5.7145,3.306,1
30687,11,15,SILIN4,2025-12-17,323.3469,315.1582,2.4778,3.305,1
17525,18,15,SILIN4,2025-03-26,369.7372,357.2403,3.782,3.304,1
7834,1,26,MERIN1,2024-10-25,241.0822,217.8722,7.029,3.302,1
14703,9,32,DELIN7,2025-02-11,44.3469,41.6453,0.8186,3.3,1
31167,11,29,WAVIN1,2025-12-29,92.6549,90.858,0.5447,3.299,1
6115,5,16,BLUSA5,2024-09-30,62.7309,64.803,0.6289,-3.295,1
38058,18,1,AURHO3,2026-04-29,34.935,31.1452,1.1509,3.293,1
30413,9,14,WAVIN2,2025-12-10,554.5609,487.3273,20.4236,3.292,1
7231,7,26,MERIN1,2024-10-22,208.8564,219.2419,3.1582,-3.288,1
33340,2,33,RIDPL0,2026-02-05,28.0764,26.104,0.6006,3.284,1
6127,5,16,BLUSA5,2024-10-01,61.5235,64.6499,0.9526,-3.282,1
5941,18,21,VERCA7,2024-09-26,344.1071,352.2727,2.4901,-3.279,1
6798,10,21,VERCA7,2024-10-14,369.1124,349.2051,6.0709,3.279,1
11599,11,37,SILPL1,2025-01-09,16.7358,15.6038,0.3454,3.277,1
34366,8,2,QUACO1,2026-02-26,113.4092,107.5725,1.7827,3.274,1
39325,9,10,HARIN3,2026-05-19,124.3757,138.3083,4.2558,-3.274,1
14214,18,28,BLUTE2,2025-01-31,170.737,173.4682,0.8344,-3.273,1
5619,6,26,MERIN1,2024-09-19,230.1111,227.0346,0.9402,3.272,1
33421,14,34,NORIN2,2026-02-06,24.356,26.2174,0.5689,-3.272,1
1667,10,36,ANCSA3,2024-09-10,199.9894,204.4878,1.3751,-3.271,1
20347,4,29,WAVIN1,2025-06-03,90.0465,92.5461,0.7656,-3.265,1
29619,13,19,ORBTE0,2025-11-20,37.8602,50.1369,3.7608,-3.264,1
26554,13,34,NORIN2,2025-09-22,28.1195,29.2142,0.3354,-3.263,1
37750,4,3,BLUAG3,2026-04-22,210.9567,196.0095,4.5811,3.263,1
13851,9,21,VERCA7,2025-01-29,323.4694,330.7546,2.2337,-3.262,1
30363,10,6,CYBIN4,2025-12-09,508.1443,435.579,22.2519,3.261,1
28695,24,26,MERIN1,2025-11-03,904.807,791.9707,34.6052,3.261,1
24487,18,27,CEDCA1,2025-09-09,93.7696,92.2549,0.4646,3.26,1
37625,24,32,DELIN7,2026-04-20,58.7402,59.8612,0.3439,-3.26,1
41454,20,26,MERIN1,2026-07-17,674.7792,798.6201,38.0055,-3.259,1
23660,24,5,WAVPL9,2025-08-14,72.6923,61.9525,3.2962,3.258,1
28963,7,10,HARIN3,2025-11-07,332.8937,393.3389,18.5562,-3.257,1
26625,4,33,RIDPL0,2025-09-23,39.3256,38.1528,0.3602,3.256,1
39877,5,11,ORBAG4,2026-06-02,22.0996,19.5654,0.7785,3.255,1
41138,6,21,VERCA7,2026-07-07,320.841,307.5101,4.0954,3.255,1
8451,9,22,ANCIN3,2024-10-31,217.8503,230.6121,3.922,-3.254,1
31272,15,2,QUACO1,2025-12-31,104.8114,98.2078,2.0295,3.254,1
17746,23,23,SILIN3,2025-04-01,114.8814,111.2859,1.105,3.254,1
8813,24,33,RIDPL0,2024-11-08,41.5406,36.0708,1.6815,3.253,1
17406,10,26,MERIN1,2025-03-24,394.999,378.7992,4.9843,3.25,1
9335,13,28,BLUTE2,2024-11-20,156.6585,151.6637,1.5373,3.249,1
22368,23,21,VERCA7,2025-07-08,329.6739,324.1084,1.7149,3.245,1
27279,8,11,ORBAG4,2025-10-06,23.0819,25.3915,0.712,-3.244,1
5581,8,19,ORBTE0,2024-09-19,59.3894,54.359,1.5511,3.243,1
9871,9,24,CYBMA0,2024-12-02,85.2555,71.9181,4.1132,3.243,1
14129,8,39,PIOIN4,2025-01-30,67.2633,74.8611,2.3439,-3.241,1
13220,18,26,MERIN1,2025-01-24,364.9907,373.087,2.5002,-3.238,1
25929,9,26,MERIN1,2025-09-17,781.7876,764.7141,5.2741,3.237,1
27013,9,25,FALTE3,2025-09-30,71.9999,66.3809,1.7365,3.236,1
10961,6,18,MERGR5,2024-12-27,396.5989,336.4447,18.5909,3.236,1
8063,8,39,PIOIN4,2024-10-28,114.6049,112.7401,0.5765,3.235,1
38567,11,22,ANCIN3,2026-05-08,171.7844,195.2491,7.2545,-3.235,1
37087,2,17,AURIN2,2026-04-15,118.8345,116.6721,0.6687,3.234,1
8544,4,33,RIDPL0,2024-11-04,37.3636,34.9955,0.7325,3.233,1
15498,8,14,WAVIN2,2025-02-26,320.1454,299.9167,6.2609,3.231,1
18458,15,25,FALTE3,2025-04-16,57.971,62.4437,1.3846,-3.23,1
14234,3,28,BLUTE2,2025-01-31,169.3142,173.2187,1.209,-3.229,1
13079,10,22,ANCIN3,2025-01-24,225.4608,216.3339,2.8266,3.229,1
41049,23,9,CYBPA2,2026-07-02,284.6925,270.1387,4.5136,3.224,1
34585,10,20,ATLPA1,2026-03-03,85.2436,87.7127,0.7658,-3.224,1
33366,25,23,SILIN3,2026-02-05,156.3132,175.4905,5.9485,-3.224,1
14713,12,19,ORBTE0,2025-02-11,79.9213,70.0048,3.0761,3.224,1
27500,9,10,HARIN3,2025-10-09,421.939,396.1774,7.9935,3.223,1
14935,24,17,AURIN2,2025-02-14,108.6114,106.4161,0.6814,3.222,1
37551,8,24,CYBMA0,2026-04-17,197.5854,191.9565,1.7484,3.219,1
24536,8,15,SILIN4,2025-09-10,290.6511,268.8981,6.7582,3.219,1
33518,22,17,AURIN2,2026-02-10,115.4276,113.8074,0.5034,3.219,1
38128,21,1,AURHO3,2026-04-30,38.406,31.6958,2.0858,3.217,1
34556,19,3,BLUAG3,2026-03-03,170.522,164.0078,2.0255,3.216,1
39938,18,33,RIDPL0,2026-06-03,33.8697,28.8346,1.5658,3.216,1
26857,2,37,SILPL1,2025-09-26,16.663,15.918,0.2318,3.214,1
31598,10,14,WAVIN2,2026-01-06,592.9913,584.4011,2.6737,3.213,1
14596,10,12,IROAG7,2025-02-07,72.2097,74.273,0.6422,-3.213,1
30695,1,24,CYBMA0,2025-12-17,171.1627,182.3519,3.4834,-3.212,1
5258,17,36,ANCSA3,2024-09-17,195.2196,198.9966,1.1759,-3.212,1
33594,14,39,PIOIN4,2026-02-11,109.8321,106.8604,0.9256,3.211,1
20409,18,9,CYBPA2,2025-06-04,273.8174,280.1263,1.9679,-3.206,1
19830,9,6,CYBIN4,2025-05-20,405.6231,458.7285,16.5711,-3.205,1
6197,4,3,BLUAG3,2024-10-02,253.8853,212.4412,12.9429,3.202,1
17006,22,39,PIOIN4,2025-03-14,59.2831,63.1488,1.2074,-3.202,1
6095,11,20,ATLPA1,2024-09-30,64.0835,62.7145,0.4277,3.201,1
1478,2,21,VERCA7,2024-09-09,367.3148,361.98,1.6676,3.199,1
35336,25,31,NOVAG4,2026-03-19,110.3432,109.2346,0.3466,3.198,1
11844,13,9,CYBPA2,2025-01-14,270.463,277.3093,2.143,-3.195,1
40110,5,13,AMBPA6,2026-06-08,139.9593,128.0837,3.7183,3.194,1
10662,6,36,ANCSA3,2024-12-20,215.0661,208.1932,2.153,3.192,1
32459,24,18,MERGR5,2026-01-21,468.7321,478.8088,3.1576,-3.191,1
5903,9,10,HARIN3,2024-09-25,299.565,310.1202,3.3077,-3.191,1
14803,2,25,FALTE3,2025-02-12,40.5144,37.9728,0.7975,3.187,1
17733,8,35,REDHO9,2025-03-31,304.6221,282.3377,6.9931,3.187,1
23079,15,27,CEDCA1,2025-07-22,92.4434,90.4858,0.6143,3.187,1
16362,5,5,WAVPL9,2025-03-04,93.8059,97.6957,1.221,-3.186,1
17878,8,16,BLUSA5,2025-04-03,53.7881,55.0586,0.3992,-3.183,1
6724,6,35,REDHO9,2024-10-11,179.1315,188.3695,2.9032,-3.182,1
33476,18,22,ANCIN3,2026-02-09,239.8316,218.6002,6.6737,3.181,1
30062,4,13,AMBPA6,2025-12-01,138.9762,147.3333,2.628,-3.18,1
15034,19,5,WAVPL9,2025-02-17,107.4324,116.0003,2.6963,-3.178,1
30320,8,40,ZENCA1,2025-12-08,204.9576,183.5951,6.7271,3.176,1
8280,19,5,WAVPL9,2024-10-29,119.3826,117.5787,0.5683,3.174,1
16984,4,25,FALTE3,2025-03-13,50.8839,45.4346,1.7172,3.173,1
26852,13,18,MERGR5,2025-09-26,533.1992,524.5218,2.7345,3.173,1
36054,8,13,AMBPA6,2026-04-06,124.7978,120.4947,1.3564,3.172,1
24007,10,7,QUACA3,2025-08-28,625.3385,680.6374,17.4363,-3.171,1
23783,4,13,AMBPA6,2025-08-20,171.3258,164.1791,2.2539,3.171,1
31033,18,13,AMBPA6,2025-12-25,131.4427,137.8376,2.0174,-3.17,1
13593,10,1,AURHO3,2025-01-28,55.7158,51.4205,1.3555,3.169,1
26520,15,3,BLUAG3,2025-09-19,169.9799,173.1499,1.0005,-3.168,1
26835,8,21,VERCA7,2025-09-26,321.261,312.961,2.6198,3.168,1
29550,9,19,ORBTE0,2025-11-19,42.8214,50.912,2.5548,-3.167,1
5003,3,16,BLUSA5,2024-09-16,63.8413,62.7215,0.3537,3.166,1
22282,18,26,MERIN1,2025-07-07,404.6336,414.7399,3.1926,-3.165,1
15112,10,19,ORBTE0,2025-02-19,91.7469,73.9652,5.6177,3.165,1
37316,16,6,CYBIN4,2026-04-16,367.5804,361.0774,2.0562,3.163,1
40042,9,31,NOVAG4,2026-06-05,112.5771,111.4066,0.3701,3.163,1
3029,13,24,CYBMA0,2024-09-12,94.6915,96.0102,0.4171,-3.162,1
29454,22,22,ANCIN3,2025-11-18,218.288,181.3849,11.6853,3.158,1
13890,8,19,ORBTE0,2025-01-29,67.1368,69.592,0.7776,-3.157,1
4056,24,11,ORBAG4,2024-09-13,33.0491,34.3467,0.4111,-3.156,1
27477,24,32,DELIN7,2025-10-09,63.1379,75.4616,3.906,-3.155,1
7430,7,18,MERGR5,2024-10-23,314.0258,320.7491,2.1327,-3.153,1
22682,10,14,WAVIN2,2025-07-11,372.6305,354.862,5.6387,3.151,1
18909,22,23,SILIN3,2025-04-28,120.3559,117.2549,0.9845,3.15,1
39288,9,8,SILCA5,2026-05-18,62.0473,63.5566,0.4793,-3.149,1
41252,8,24,CYBMA0,2026-07-10,262.6407,229.5136,10.524,3.148,1
17617,7,12,IROAG7,2025-03-27,73.6079,76.4554,0.9047,-3.147,1
38223,20,15,SILIN4,2026-05-04,381.1391,367.4167,4.3605,3.147,1
32975,14,33,RIDPL0,2026-01-29,26.4486,25.5289,0.2923,3.146,1
8033,2,33,RIDPL0,2024-10-28,34.8474,33.795,0.3347,3.145,1
38074,8,8,SILCA5,2026-04-30,63.8505,64.6224,0.2455,-3.145,1
39457,8,7,QUACA3,2026-05-21,711.4922,609.1595,32.5662,3.142,1
20994,9,38,NORSA2,2025-06-19,353.7001,392.7421,12.4294,-3.141,1
5086,15,7,QUACA3,2024-09-16,386.4557,360.7518,8.1914,3.138,1
37588,8,21,VERCA7,2026-04-17,315.7183,310.5669,1.6419,3.138,1
38966,8,6,CYBIN4,2026-05-12,366.8646,380.7343,4.4227,-3.136,1
6848,18,8,SILCA5,2024-10-15,85.2391,83.893,0.4293,3.136,1
23516,10,12,IROAG7,2025-08-08,62.9835,60.9973,0.6337,3.134,1
10540,10,1,AURHO3,2024-12-18,50.0389,56.2323,1.9763,-3.134,1
31157,2,1,AURHO3,2025-12-29,45.5686,43.2402,0.7436,3.131,1
4109,22,2,QUACO1,2024-09-13,87.9319,86.4368,0.4777,3.129,1
9036,13,20,ATLPA1,2024-11-13,67.3732,65.0923,0.7289,3.129,1
28520,11,13,AMBPA6,2025-10-29,159.5736,170.6459,3.5383,-3.129,1
12866,9,6,CYBIN4,2025-01-23,462.9878,468.8903,1.8863,-3.129,1
30578,13,4,AMBPL4,2025-12-15,87.2328,84.2741,0.9456,3.129,1
27640,24,10,HARIN3,2025-10-13,430.7962,398.6893,10.2621,3.129,1
26704,23,6,CYBIN4,2025-09-24,390.3254,368.4256,7.0016,3.128,1
25974,18,23,SILIN3,2025-09-17,132.3232,128.0261,1.3742,3.127,1
32991,4,3,BLUAG3,2026-01-29,130.8014,117.3561,4.3026,3.125,1
22989,9,19,ORBTE0,2025-07-18,64.6107,51.3311,4.2502,3.124,1
34426,2,23,SILIN3,2026-02-27,209.0437,193.5349,4.964,3.124,1
17573,10,22,ANCIN3,2025-03-27,216.4157,228.8684,3.9865,-3.124,1
5531,10,39,PIOIN4,2024-09-18,177.3125,180.9837,1.1759,-3.122,1
22280,9,15,SILIN4,2025-07-07,355.7995,388.7292,10.5531,-3.12,1
8335,10,22,ANCIN3,2024-10-30,223.1247,231.3867,2.648,-3.12,1
2990,7,36,ANCSA3,2024-09-12,203.0201,205.4035,0.7645,-3.118,1
28401,10,37,SILPL1,2025-10-28,15.3796,14.6013,0.2497,3.117,1
16373,13,1,AURHO3,2025-03-04,41.355,42.0991,0.2388,-3.117,1
8349,7,40,ZENCA1,2024-10-30,286.4014,295.4442,2.9014,-3.117,1
35718,9,16,BLUSA5,2026-03-27,54.9086,53.4477,0.4688,3.116,1
5013,9,23,SILIN3,2024-09-16,91.1263,90.3371,0.2533,3.116,1
37671,24,3,BLUAG3,2026-04-21,188.4543,195.9686,2.4122,-3.115,1
18217,25,38,NORSA2,2025-04-10,522.5177,504.8892,5.661,3.114,1
37683,24,32,DELIN7,2026-04-21,58.2599,59.786,0.4902,-3.113,1
4046,18,7,QUACA3,2024-09-13,357.864,354.2112,1.1735,3.113,1
16750,23,13,AMBPA6,2025-03-10,143.9973,146.9209,0.9399,-3.11,1
21821,2,1,AURHO3,2025-07-01,40.2225,41.9361,0.551,-3.11,1
14444,21,13,AMBPA6,2025-02-05,150.3168,154.191,1.246,-3.109,1
16419,7,12,IROAG7,2025-03-04,78.3094,77.1253,0.3808,3.109,1
6362,18,10,HARIN3,2024-10-04,253.652,299.4399,14.7298,-3.109,1
22529,9,34,NORIN2,2025-07-09,26.6819,25.8357,0.2723,3.108,1
26757,9,15,SILIN4,2025-09-25,286.6378,299.4148,4.1112,-3.108,1
5994,5,6,CYBIN4,2024-09-27,275.8735,262.5032,4.3041,3.106,1
24531,18,6,CYBIN4,2025-09-09,381.3956,390.1651,2.8239,-3.105,1
19200,10,7,QUACA3,2025-05-05,447.814,522.004,23.8908,-3.105,1
24554,9,14,WAVIN2,2025-09-10,562.6893,472.1449,29.1731,3.104,1
8973,10,29,WAVIN1,2024-11-12,88.8215,86.9187,0.6132,3.103,1
27597,24,1,AURHO3,2025-10-10,39.5853,37.0351,0.8221,3.102,1
14350,6,20,ATLPA1,2025-02-04,71.3394,72.3342,0.321,-3.099,1
31981,4,24,CYBMA0,2026-01-13,192.9186,184.2687,2.7925,3.098,1
26299,24,12,IROAG7,2025-09-18,61.5774,60.7901,0.2541,3.098,1
5124,24,24,CYBMA0,2024-09-16,90.1571,93.4244,1.0548,-3.098,1
10861,7,22,ANCIN3,2024-12-25,212.5518,188.292,7.8325,3.097,1
34944,9,15,SILIN4,2026-03-11,353.5642,341.7512,3.8173,3.095,1
18694,18,37,SILPL1,2025-04-22,17.0577,14.1914,0.9266,3.093,1
12006,24,36,ANCSA3,2025-01-16,229.3056,211.0631,5.8978,3.093,1
23213,15,5,WAVPL9,2025-07-28,65.5595,60.7643,1.5504,3.093,1
10427,4,1,AURHO3,2024-12-16,53.2775,56.8543,1.1587,-3.087,1
23381,10,9,CYBPA2,2025-08-04,278.6696,286.8005,2.634,-3.087,1
39493,18,39,PIOIN4,2026-05-21,106.8861,101.6486,1.6971,3.086,1
15510,6,5,WAVPL9,2025-02-26,95.5482,112.8931,5.6209,-3.086,1
13571,9,2,QUACO1,2025-01-28,93.5551,95.6314,0.6738,-3.082,1
37614,4,6,CYBIN4,2026-04-20,385.2366,364.7296,6.6569,3.081,1
20373,10,35,REDHO9,2025-06-03,297.3061,334.8033,12.1734,-3.08,1
26862,3,15,SILIN4,2025-09-26,281.0473,298.6553,5.7173,-3.08,1
26717,8,5,WAVPL9,2025-09-24,69.2411,73.3692,1.3412,-3.078,1
39318,10,1,AURHO3,2026-05-19,29.2776,38.3449,2.9465,-3.077,1
27313,12,24,CYBMA0,2025-10-07,124.7302,103.4905,6.9025,3.077,1
3021,19,32,DELIN7,2024-09-12,48.1722,44.1581,1.3047,3.077,1
15425,10,14,WAVIN2,2025-02-25,309.3775,298.4122,3.5661,3.075,1
41095,9,9,CYBPA2,2026-07-06,291.1553,272.2245,6.1572,3.075,1
29222,18,23,SILIN3,2025-11-13,116.108,124.5209,2.737,-3.074,1
23377,5,36,ANCSA3,2025-08-04,85.9845,98.7177,4.1474,-3.07,1
22549,17,13,AMBPA6,2025-07-10,136.8032,145.5009,2.8341,-3.069,1
19725,9,6,CYBIN4,2025-05-16,432.3025,463.0254,10.0122,-3.069,1
2013,8,22,ANCIN3,2024-09-11,207.1809,215.8551,2.8271,-3.068,1
31113,18,39,PIOIN4,2025-12-26,96.6637,90.0466,2.1572,3.067,1
23407,9,39,PIOIN4,2025-08-05,66.5611,61.5991,1.6178,3.067,1
23083,20,6,CYBIN4,2025-07-23,429.7795,468.2179,12.5331,-3.067,1
39384,15,15,SILIN4,2026-05-20,366.5955,392.61,8.4863,-3.065,1
41085,23,21,VERCA7,2026-07-03,313.2263,306.406,2.2251,3.065,1
5063,4,14,WAVIN2,2024-09-16,234.9441,231.2852,1.1943,3.064,1
9901,18,21,VERCA7,2024-12-02,388.9639,379.7329,3.0146,3.062,1
2494,18,6,CYBIN4,2024-09-11,263.0319,261.3129,0.5614,3.062,1
35652,3,9,CYBPA2,2026-03-26,284.5278,291.7121,2.3479,-3.06,1
35928,8,32,DELIN7,2026-04-02,59.1198,55.1528,1.2973,3.058,1
8492,12,30,WAVHO2,2024-11-01,98.8693,97.0944,0.5807,3.057,1
37725,18,32,DELIN7,2026-04-22,56.6506,59.4603,0.9193,-3.056,1
39803,2,6,CYBIN4,2026-05-29,408.3572,376.6796,10.3661,3.056,1
6738,10,24,CYBMA0,2024-10-11,76.7983,80.5496,1.2277,-3.055,1
41878,9,6,CYBIN4,2026-08-04,413.7399,390.8043,7.5067,3.055,1
18789,10,21,VERCA7,2025-04-24,359.2181,337.7717,7.0201,3.055,1
5032,4,21,VERCA7,2024-09-16,350.3038,358.6447,2.7303,-3.055,1
1954,24,23,SILIN3,2024-09-11,94.3038,93.3001,0.3287,3.053,1
16880,4,33,RIDPL0,2025-03-12,26.38,28.2602,0.616,-3.052,1
16029,7,20,ATLPA1,2025-02-28,77.6754,74.0926,1.1752,3.049,1
34510,20,2,QUACO1,2026-03-02,115.4896,108.0407,2.447,3.044,1
13098,20,34,NORIN2,2025-01-24,31.4643,33.2934,0.6009,-3.044,1
16375,24,23,SILIN3,2025-03-04,116.7319,113.8676,0.9412,3.043,1
31404,11,30,WAVHO2,2026-01-02,100.9216,102.0048,0.3559,-3.043,1
26620,13,39,PIOIN4,2025-09-23,66.9377,71.3129,1.4383,-3.042,1
17339,19,2,QUACO1,2025-03-21,94.7684,96.6508,0.6189,-3.042,1
37759,4,33,RIDPL0,2026-04-22,26.7399,28.1694,0.47,-3.042,1
10619,13,9,CYBPA2,2024-12-19,286.587,263.6389,7.5457,3.041,1
21928,9,32,DELIN7,2025-07-02,82.3364,64.5258,5.8565,3.041,1
25457,8,35,REDHO9,2025-09-15,210.7895,215.7939,1.6457,-3.041,1
4072,5,26,MERIN1,2024-09-13,227.3225,224.9898,0.7671,3.041,1
5670,15,27,CEDCA1,2024-09-20,88.0317,86.8524,0.3878,3.041,1
22947,13,4,AMBPL4,2025-07-17,76.2703,78.231,0.6452,-3.039,1
22550,25,23,SILIN3,2025-07-10,120.3828,123.6779,1.0846,-3.038,1
15934,9,37,SILPL1,2025-02-27,17.9102,17.3288,0.1914,3.038,1
41944,24,40,ZENCA1,2026-08-06,169.4295,179.7097,3.3895,-3.033,1
5047,8,34,NORIN2,2024-09-16,32.6612,33.843,0.3897,-3.033,1
33783,19,18,MERGR5,2026-02-13,475.8597,457.0981,6.1875,3.032,1
3104,23,34,NORIN2,2024-09-12,33.9467,35.7312,0.5886,-3.032,1
10569,10,9,CYBPA2,2024-12-18,279.0241,262.1145,5.579,3.031,1
32845,5,26,MERIN1,2026-01-27,715.0442,668.4063,15.3895,3.03,1
5005,4,12,IROAG7,2024-09-16,80.9157,82.0765,0.3833,-3.028,1
3161,7,10,HARIN3,2024-09-12,307.1427,273.6893,11.0565,3.026,1
22308,13,9,CYBPA2,2025-07-08,291.7519,285.9636,1.9132,3.025,1
23487,1,14,WAVIN2,2025-08-07,431.9885,365.2594,22.0652,3.024,1
8348,5,21,VERCA7,2024-10-30,366.6584,361.9389,1.5608,3.024,1
10063,10,39,PIOIN4,2024-12-05,113.2351,122.7321,3.1408,-3.024,1
30924,2,21,VERCA7,2025-12-23,351.4306,336.651,4.8887,3.023,1
27537,12,6,CYBIN4,2025-10-10,381.494,389.6236,2.6893,-3.023,1
37855,10,28,BLUTE2,2026-04-24,113.7411,115.8872,0.71,-3.022,1
3922,12,18,MERGR5,2024-09-12,307.2166,309.8259,0.8634,-3.022,1
14460,9,38,NORSA2,2025-02-05,543.9811,519.775,8.0108,3.022,1
1182,9,14,WAVIN2,2024-09-06,223.7261,205.4369,6.0604,3.018,1
36855,24,23,SILIN3,2026-04-14,163.6474,166.6762,1.0055,-3.012,1
20919,24,1,AURHO3,2025-06-18,43.4621,41.2773,0.7253,3.012,1
5068,4,19,ORBTE0,2024-09-16,52.8858,55.6597,0.921,-3.012,1
36697,1,28,BLUTE2,2026-04-13,116.2918,117.768,0.4902,-3.011,1
1797,17,3,BLUAG3,2024-09-10,178.6385,160.1291,6.1489,3.01,1
9833,24,6,CYBIN4,2024-11-29,411.495,372.663,12.9031,3.01,1
29561,9,16,BLUSA5,2025-11-20,53.756,51.1967,0.8504,3.009,1
37628,20,38,NORSA2,2026-04-20,240.715,250.2089,3.156,-3.008,1
40545,10,7,QUACA3,2026-06-18,588.3554,712.7371,41.3474,-3.008,1
5038,18,25,FALTE3,2024-09-16,216.6579,189.3374,9.0824,3.008,1
818,4,13,AMBPA6,2024-09-04,132.562,126.1021,2.1477,3.008,1
5506,6,15,SILIN4,2024-09-18,330.5189,318.9575,3.8437,3.008,1
2005,9,19,ORBTE0,2024-09-11,52.2333,57.4827,1.7452,-3.008,1
22216,15,15,SILIN4,2025-07-04,368.3418,390.6787,7.4287,-3.007,1
5980,24,34,NORIN2,2024-09-26,36.1725,31.3997,1.5877,3.006,1
17319,25,7,QUACA3,2025-03-21,556.643,510.6679,15.3018,3.005,1
19010,1,2,QUACO1,2025-04-30,95.8706,92.8876,0.9929,3.004,1
26648,14,6,CYBIN4,2025-09-23,382.1627,367.4076,4.9118,3.004,1
20584,4,23,SILIN3,2025-06-09,121.8387,116.6886,1.7147,3.004,1
14921,25,32,DELIN7,2025-02-14,46.312,41.9794,1.4426,3.003,1
20073,14,16,BLUSA5,2025-05-27,52.9443,54.9674,0.6738,-3.002,1
1669,4,20,ATLPA1,2024-09-10,60.2538,57.8618,0.7967,3.002,1
9446,18,24,CYBMA0,2024-11-21,73.4407,70.019,1.1404,3.001,1
22938,9,32,DELIN7,2025-07-17,112.2946,81.1077,10.3937,3.001,1
