client_id,client_name,instrument_id,ticker,open_position,avg_acquisition_cost,current_price,unrealized_pnl,realized_pnl,total_pnl
9,Ridgeline Holdings,26,MERIN1,27210.0,491.931,748.737,6987692.24,3556896.84,10544589.07
9,Ridgeline Holdings,7,QUACA3,17065.0,475.8058,709.3516,3985459.19,2881328.95,6866788.14
5,Northbridge Fund,26,MERIN1,8796.0,461.188,748.737,2529281.43,1449200.09,3978481.53
9,Ridgeline Holdings,18,MERGR5,27033.0,434.6296,520.1016,2310563.98,1286840.24,3597404.22
9,Ridgeline Holdings,35,REDHO9,28798.0,249.4618,335.1019,2466262.64,660065.2,3126327.84
9,Ridgeline Holdings,24,CYBMA0,20957.0,130.4056,225.7051,1997191.15,539817.0,2537008.16
9,Ridgeline Holdings,23,SILIN3,22492.0,132.809,209.053,1714880.97,783776.67,2498657.64
9,Ridgeline Holdings,6,CYBIN4,24448.0,390.3103,437.1502,1145141.59,1336654.18,2481795.78
9,Ridgeline Holdings,14,WAVIN2,16931.0,359.7772,385.0886,428547.49,1961228.04,2389775.53
9,Ridgeline Holdings,3,BLUAG3,18930.0,179.9888,278.8114,1870711.37,47949.45,1918660.82
18,Brightside Holdings,26,MERIN1,2131.0,497.5053,748.737,535374.76,1038367.23,1573741.99
4,Harborview Partners,23,SILIN3,12283.0,136.6817,209.053,888936.62,319597.67,1208534.29
10,Harborview Holdings,7,QUACA3,4135.0,533.5308,709.3516,727019.14,469036.68,1196055.82
8,Silverline Holdings,26,MERIN1,3251.0,516.5179,748.737,754944.3,365280.05,1120224.35
4,Harborview Partners,26,MERIN1,2387.0,467.6148,748.737,671038.66,442241.82,1113280.48
10,Harborview Holdings,26,MERIN1,2037.0,480.2148,748.737,546979.65,543802.55,1090782.19
9,Ridgeline Holdings,15,SILIN4,26222.0,335.9324,367.2083,820117.34,261294.6,1081411.94
9,Ridgeline Holdings,21,VERCA7,33248.0,334.9506,372.6011,1251805.1,-172640.23,1079164.87
18,Brightside Holdings,7,QUACA3,3275.0,502.6393,709.3516,676982.69,323890.76,1000873.45
24,Anchor Fund,26,MERIN1,1783.0,503.3282,748.737,437563.83,528453.04,966016.87
7,Meridian Asset Management,7,QUACA3,2845.0,472.0307,709.3516,675177.82,246810.99,921988.81
4,Harborview Partners,3,BLUAG3,9519.0,179.6762,278.8114,943668.11,-29557.83,914110.29
7,Meridian Asset Management,26,MERIN1,3241.0,542.1809,748.737,669448.28,221410.41,890858.69
8,Silverline Holdings,7,QUACA3,2523.0,492.6251,709.3516,546800.93,342422.72,889223.65
13,Vantage Capital,7,QUACA3,2900.0,450.1982,709.3516,751544.92,125273.29,876818.2
9,Ridgeline Holdings,4,AMBPL4,28821.0,91.3502,118.7762,790445.47,76955.71,867401.18
9,Ridgeline Holdings,34,NORIN2,19742.0,34.6136,75.7532,812177.77,-11584.0,800593.78
13,Vantage Capital,19,ORBTE0,11954.0,63.754,122.521,702500.86,72045.65,774546.51
18,Brightside Holdings,18,MERGR5,4059.0,413.8471,520.1016,431286.82,311018.19,742305.01
24,Anchor Fund,7,QUACA3,2226.0,494.3694,709.3516,478550.36,206463.05,685013.42
5,Northbridge Fund,6,CYBIN4,7243.0,402.834,437.1502,248551.93,371619.89,620171.82
9,Ridgeline Holdings,20,ATLPA1,17737.0,79.4788,96.8958,308924.55,278731.38,587655.93
9,Ridgeline Holdings,19,ORBTE0,5980.0,65.7746,122.521,339343.65,246850.59,586194.24
9,Ridgeline Holdings,25,FALTE3,28042.0,97.7273,131.4268,945000.28,-395283.77,549716.51
9,Ridgeline Holdings,9,CYBPA2,17020.0,268.2492,275.0435,115638.48,404874.62,520513.1
22,Ridgeline Capital,26,MERIN1,728.0,456.9239,748.737,212439.96,277969.75,490409.71
24,Anchor Fund,18,MERGR5,5487.0,451.4875,520.1016,376485.37,112519.7,489005.07
18,Brightside Holdings,24,CYBMA0,4062.0,138.1901,225.7051,355485.97,120140.95,475626.92
11,Harborview Group,18,MERGR5,3911.0,422.2338,520.1016,382761.09,71748.08,454509.17
8,Silverline Holdings,3,BLUAG3,3614.0,177.0502,278.8114,367764.8,86534.04,454298.85
10,Harborview Holdings,3,BLUAG3,3811.0,172.825,278.8114,403914.1,33763.73,437677.83
11,Harborview Group,26,MERIN1,1488.0,602.6293,748.737,217408.25,215812.3,433220.56
9,Ridgeline Holdings,32,DELIN7,27488.0,58.5571,66.6704,223018.62,206317.36,429335.98
18,Brightside Holdings,35,REDHO9,4927.0,257.7226,335.1019,381247.69,47220.74,428468.43
9,Ridgeline Holdings,17,AURIN2,26465.0,109.4385,120.9125,303658.84,119692.28,423351.12
10,Harborview Holdings,24,CYBMA0,2809.0,115.3232,225.7051,310062.78,94336.33,404399.11
13,Vantage Capital,26,MERIN1,1019.0,459.7528,748.737,294474.95,107049.5,401524.45
11,Harborview Group,7,QUACA3,2219.0,548.8345,709.3516,356187.34,37431.51,393618.85
22,Ridgeline Capital,7,QUACA3,770.0,494.3373,709.3516,165561.01,227104.33,392665.35
7,Meridian Asset Management,24,CYBMA0,3700.0,128.2993,225.7051,360401.37,29303.42,389704.79
10,Harborview Holdings,18,MERGR5,2905.0,440.1303,520.1016,232316.61,155904.97,388221.59
24,Anchor Fund,23,SILIN3,4075.0,130.1358,209.053,321587.59,66615.4,388202.99
10,Harborview Holdings,14,WAVIN2,2970.0,348.6516,385.0886,108217.86,276705.17,384923.03
18,Brightside Holdings,6,CYBIN4,4890.0,393.5279,437.1502,213312.9,169408.74,382721.64
8,Silverline Holdings,18,MERGR5,3621.0,444.4441,520.1016,273955.94,108637.36,382593.3
8,Silverline Holdings,35,REDHO9,3130.0,236.7735,335.1019,307767.95,68284.93,376052.87
8,Silverline Holdings,24,CYBMA0,3776.0,143.1871,225.7051,311588.16,55125.91,366714.07
4,Harborview Partners,7,QUACA3,1554.0,513.4011,709.3516,304507.13,59423.85,363930.98
18,Brightside Holdings,23,SILIN3,2682.0,122.5953,209.053,231879.6,120389.39,352268.99
24,Anchor Fund,3,BLUAG3,3645.0,177.2468,278.8114,370203.03,-23668.35,346534.68
8,Silverline Holdings,14,WAVIN2,3241.0,374.9048,385.0886,33005.71,307766.21,340771.92
24,Anchor Fund,24,CYBMA0,3053.0,134.0292,225.7051,279886.47,58689.69,338576.17
13,Vantage Capital,18,MERGR5,2831.0,431.366,520.1016,251210.39,78219.58,329429.97
24,Anchor Fund,35,REDHO9,2436.0,247.3805,335.1019,213689.31,108543.57,322232.88
7,Meridian Asset Management,6,CYBIN4,1109.0,363.4917,437.1502,81687.23,236256.26,317943.48
5,Northbridge Fund,7,QUACA3,1031.0,535.7649,709.3516,178967.86,137503.57,316471.43
4,Harborview Partners,24,CYBMA0,2276.0,123.6737,225.7051,232223.53,82180.73,314404.26
7,Meridian Asset Management,18,MERGR5,1408.0,433.8966,520.1016,121376.62,185794.15,307170.77
9,Ridgeline Holdings,33,RIDPL0,24424.0,33.605,44.4424,264692.88,40561.81,305254.69
2,Vantage Partners,26,MERIN1,1165.0,543.7419,748.737,238819.27,63542.24,302361.5
4,Harborview Partners,18,MERGR5,2093.0,442.2542,520.1016,162934.51,138571.79,301506.31
8,Silverline Holdings,23,SILIN3,1949.0,114.8204,209.053,183659.37,114761.04,298420.41
22,Ridgeline Capital,18,MERGR5,857.0,440.3984,520.1016,68305.66,228162.61,296468.27
24,Anchor Fund,19,ORBTE0,4635.0,62.1435,122.521,279849.92,14740.18,294590.1
11,Harborview Group,6,CYBIN4,2495.0,381.8221,437.1502,138043.72,156264.6,294308.33
13,Vantage Capital,9,CYBPA2,11976.0,265.3865,275.0435,115652.38,178490.41,294142.79
10,Harborview Holdings,19,ORBTE0,4750.0,64.638,122.521,274944.44,10238.36,285182.81
22,Ridgeline Capital,3,BLUAG3,2974.0,180.6095,278.8114,292052.4,-8093.11,283959.29
11,Harborview Group,14,WAVIN2,2343.0,300.7735,385.0886,197550.33,85941.59,283491.92
8,Silverline Holdings,6,CYBIN4,1305.0,390.456,437.1502,60935.97,218040.67,278976.64
24,Anchor Fund,6,CYBIN4,5700.0,410.8864,437.1502,149703.4,124784.52,274487.92
22,Ridgeline Capital,35,REDHO9,2748.0,240.7243,335.1019,259349.54,10290.65,269640.18
13,Vantage Capital,6,CYBIN4,2170.0,394.8618,437.1502,91765.91,170508.74,262274.64
13,Vantage Capital,3,BLUAG3,2774.0,184.6951,278.8114,261078.58,-6216.62,254861.96
18,Brightside Holdings,3,BLUAG3,3717.0,189.5025,278.8114,331961.04,-79499.38,252461.66
2,Vantage Partners,7,QUACA3,532.0,435.4439,709.3516,145718.89,97235.42,242954.3
24,Anchor Fund,14,WAVIN2,2413.0,371.7192,385.0886,32260.41,203240.96,235501.37
22,Ridgeline Capital,23,SILIN3,2599.0,126.6035,209.053,214286.36,17081.68,231368.04
11,Harborview Group,24,CYBMA0,1833.0,145.2386,225.7051,147495.15,81693.53,229188.67
13,Vantage Capital,23,SILIN3,1948.0,120.1763,209.053,173131.89,52167.26,225299.15
7,Meridian Asset Management,19,ORBTE0,3588.0,62.1061,122.521,216768.74,7106.1,223874.83
18,Brightside Holdings,34,NORIN2,4816.0,35.5492,75.7532,193622.5,23334.18,216956.68
13,Vantage Capital,24,CYBMA0,1728.0,123.4033,225.7051,176777.5,39264.33,216041.83
8,Silverline Holdings,19,ORBTE0,3040.0,66.3494,122.521,170761.61,42599.88,213361.49
9,Ridgeline Holdings,30,WAVHO2,34235.0,101.3496,106.5888,179364.92,32842.23,212207.15
10,Harborview Holdings,23,SILIN3,1400.0,130.3939,209.053,110122.75,101789.58,211912.32
7,Meridian Asset Management,35,REDHO9,1506.0,239.997,335.1019,143227.92,63403.42,206631.34
13,Vantage Capital,34,NORIN2,4795.0,34.109,75.7532,199683.71,6635.24,206318.95
11,Harborview Group,23,SILIN3,1835.0,119.723,209.053,163920.53,38549.94,202470.47
8,Silverline Holdings,15,SILIN4,4308.0,331.7148,367.2083,152906.01,45631.81,198537.82
5,Northbridge Fund,23,SILIN3,2268.0,132.9795,209.053,172534.61,24587.84,197122.45
22,Ridgeline Capital,19,ORBTE0,3003.0,60.9594,122.521,184869.62,10441.46,195311.08
22,Ridgeline Capital,24,CYBMA0,1221.0,135.3431,225.7051,110332.05,81393.64,191725.68
15,Antoine Silva,7,QUACA3,795.0,521.497,709.3516,149344.38,38926.17,188270.55
11,Harborview Group,19,ORBTE0,3075.0,65.1944,122.521,176279.2,5474.93,181754.13
2,Vantage Partners,21,VERCA7,7640.0,334.6464,372.6011,289974.18,-108523.52,181450.66
10,Harborview Holdings,6,CYBIN4,4302.0,402.2264,437.1502,150242.02,29479.67,179721.69
10,Harborview Holdings,35,REDHO9,1214.0,250.7931,335.1019,102350.87,68966.39,171317.25
19,Giulia Garcia,18,MERGR5,607.0,420.1253,520.1016,60685.59,108679.95,169365.54
11,Harborview Group,35,REDHO9,1760.0,256.5734,335.1019,138210.21,24387.14,162597.35
9,Ridgeline Holdings,16,BLUSA5,21601.0,55.3068,67.3708,260594.71,-99065.72,161528.99
24,Anchor Fund,15,SILIN4,2828.0,336.5599,367.2083,86673.61,74262.88,160936.49
24,Anchor Fund,4,AMBPL4,4937.0,88.5946,118.7762,149006.57,11706.6,160713.18
4,Harborview Partners,35,REDHO9,770.0,231.0271,335.1019,80137.58,71542.52,151680.1
1,Thomas Garcia,24,CYBMA0,1151.0,122.0145,225.7051,119347.87,30754.51,150102.38
18,Brightside Holdings,4,AMBPL4,4252.0,88.8944,118.7762,127057.28,18696.72,145754.01
2,Vantage Partners,35,REDHO9,1157.0,240.6003,335.1019,109338.38,34189.49,143527.86
13,Vantage Capital,35,REDHO9,1148.0,238.9146,335.1019,110423.07,32135.08,142558.15
7,Meridian Asset Management,23,SILIN3,1136.0,133.7651,209.053,85527.02,54398.25,139925.27
2,Vantage Partners,24,CYBMA0,1569.0,145.0156,225.7051,126601.84,10240.76,136842.6
2,Vantage Partners,23,SILIN3,377.0,125.2894,209.053,31578.89,103776.57,135355.46
22,Ridgeline Capital,14,WAVIN2,4361.0,376.6241,385.0886,36913.48,96020.42,132933.9
18,Brightside Holdings,15,SILIN4,4407.0,343.4022,367.2083,104913.5,27851.82,132765.32
10,Harborview Holdings,34,NORIN2,2425.0,32.0877,75.7532,105888.86,25943.83,131832.68
8,Silverline Holdings,21,VERCA7,4330.0,332.0825,372.6011,175445.66,-47382.86,128062.8
4,Harborview Partners,15,SILIN4,3200.0,335.7784,367.2083,100575.82,24663.55,125239.37
10,Harborview Holdings,20,ATLPA1,5901.0,80.9086,96.8958,94340.7,29802.42,124143.12
10,Harborview Holdings,25,FALTE3,5271.0,94.7209,131.4268,193477.01,-70288.36,123188.65
20,Yasmine Novak,26,MERIN1,181.0,430.3467,748.737,57628.65,60879.22,118507.87
4,Harborview Partners,14,WAVIN2,2843.0,385.0149,385.0886,209.42,118084.46,118293.88
18,Brightside Holdings,25,FALTE3,3660.0,95.21,131.4268,132553.59,-15615.32,116938.27
24,Anchor Fund,34,NORIN2,2247.0,36.9217,75.7532,87254.44,27679.38,114933.83
4,Harborview Partners,34,NORIN2,2351.0,30.2248,75.7532,107037.38,3890.17,110927.55
1,Thomas Garcia,14,WAVIN2,1100.0,372.8382,385.0886,13475.48,95040.94,108516.42
12,Camille Costa,26,MERIN1,328.0,545.1483,748.737,66777.1,41560.93,108338.03
5,Northbridge Fund,18,MERGR5,469.0,435.4195,520.1016,39715.88,67385.26,107101.14
18,Brightside Holdings,14,WAVIN2,3336.0,404.3898,385.0886,-64388.67,171419.44,107030.77
23,Sarah Larsen,26,MERIN1,231.0,557.6893,748.737,44132.01,61920.29,106052.3
14,Zoe Costa,7,QUACA3,255.0,427.0385,709.3516,71989.83,33681.25,105671.08
5,Northbridge Fund,3,BLUAG3,1088.0,167.7587,278.8114,120825.31,-15181.38,105643.93
8,Silverline Holdings,4,AMBPL4,3389.0,88.4722,118.7762,102700.13,1973.81,104673.94
11,Harborview Group,3,BLUAG3,832.0,180.8166,278.8114,81531.65,22359.08,103890.73
10,Harborview Holdings,15,SILIN4,538.0,332.7734,367.2083,18525.98,83768.24,102294.22
7,Meridian Asset Management,3,BLUAG3,964.0,173.3841,278.8114,101631.95,110.19,101742.14
5,Northbridge Fund,24,CYBMA0,867.0,133.423,225.7051,80008.58,20107.79,100116.38
7,Meridian Asset Management,15,SILIN4,1865.0,324.8084,367.2083,79075.9,18763.02,97838.92
22,Ridgeline Capital,15,SILIN4,1061.0,320.8668,367.2083,49168.32,47077.7,96246.02
7,Meridian Asset Management,4,AMBPL4,2750.0,87.4281,118.7762,86207.15,9053.82,95260.97
11,Harborview Group,25,FALTE3,2313.0,89.8071,131.4268,96266.48,-1750.71,94515.78
2,Vantage Partners,18,MERGR5,545.0,436.1408,520.1016,45758.66,47736.45,93495.11
1,Thomas Garcia,26,MERIN1,324.0,567.8368,748.737,58611.65,34178.91,92790.57
11,Harborview Group,4,AMBPL4,2352.0,87.4492,118.7762,73681.05,18658.26,92339.31
17,Zoe Muller,23,SILIN3,843.0,126.7632,209.053,69370.28,21356.0,90726.27
15,Antoine Silva,26,MERIN1,125.0,362.9967,748.737,48217.53,41909.61,90127.15
5,Northbridge Fund,14,WAVIN2,1214.0,378.8662,385.0886,7554.03,82184.84,89738.88
24,Anchor Fund,32,DELIN7,4045.0,58.7323,66.6704,32109.79,56176.91,88286.69
4,Harborview Partners,33,RIDPL0,6629.0,33.4732,44.4424,72715.1,12433.61,85148.71
17,Zoe Muller,26,MERIN1,229.0,456.979,748.737,66812.57,17755.79,84568.36
18,Brightside Holdings,21,VERCA7,3295.0,333.9931,372.6011,127213.45,-43889.83,83323.61
4,Harborview Partners,19,ORBTE0,1073.0,68.6552,122.521,57798.05,24466.33,82264.37
2,Vantage Partners,6,CYBIN4,1213.0,391.3297,437.1502,55580.31,24690.44,80270.75
22,Ridgeline Capital,4,AMBPL4,2311.0,87.3628,118.7762,72596.33,6100.18,78696.51
22,Ridgeline Capital,6,CYBIN4,2297.0,423.682,437.1502,30936.52,47530.33,78466.85
24,Anchor Fund,21,VERCA7,3274.0,334.6862,372.6011,124133.31,-46302.24,77831.07
18,Brightside Holdings,20,ATLPA1,2516.0,78.8253,96.8958,45465.42,31237.1,76702.52
8,Silverline Holdings,20,ATLPA1,2349.0,80.9405,96.8958,37479.06,37830.78,75309.84
2,Vantage Partners,25,FALTE3,2042.0,96.083,131.4268,72172.02,2299.89,74471.91
18,Brightside Holdings,19,ORBTE0,930.0,64.2013,122.521,54237.31,20053.55,74290.86
4,Harborview Partners,21,VERCA7,2778.0,335.3181,372.6011,103572.31,-30897.46,72674.85
16,Alice Silva,7,QUACA3,330.0,507.2202,709.3516,66703.35,5528.81,72232.16
24,Anchor Fund,20,ATLPA1,450.0,78.6625,96.8958,8204.99,63885.76,72090.76
13,Vantage Capital,4,AMBPL4,2226.0,88.4252,118.7762,67561.37,3637.5,71198.87
2,Vantage Partners,34,NORIN2,1896.0,40.0502,75.7532,67692.82,2747.68,70440.5
18,Brightside Holdings,32,DELIN7,4144.0,56.1395,66.6704,43639.91,26353.1,69993.0
24,Anchor Fund,9,CYBPA2,3788.0,271.1233,275.0435,14849.62,54644.97,69494.59
25,Hugo Kowalski,26,MERIN1,313.0,536.3,748.737,66492.79,2439.76,68932.55
18,Brightside Holdings,9,CYBPA2,4567.0,267.9404,275.0435,32439.67,36250.49,68690.16
9,Ridgeline Holdings,27,CEDCA1,16056.0,90.4361,92.9752,40767.79,26117.73,66885.52
21,Antoine Martin,26,MERIN1,131.0,380.1659,748.737,48282.81,18410.43,66693.24
23,Sarah Larsen,18,MERGR5,351.0,436.7534,520.1016,29255.23,35106.76,64361.99
8,Silverline Holdings,32,DELIN7,2576.0,54.9788,66.6704,30117.46,32590.5,62707.95
11,Harborview Group,20,ATLPA1,2459.0,80.0608,96.8958,41397.32,20040.77,61438.09
18,Brightside Holdings,17,AURIN2,3603.0,108.5945,120.9125,44381.67,16174.48,60556.15
12,Camille Costa,7,QUACA3,65.0,467.4141,709.3516,15725.93,43901.53,59627.46
5,Northbridge Fund,4,AMBPL4,1660.0,87.7287,118.7762,51538.8,5888.39,57427.18
23,Sarah Larsen,7,QUACA3,300.0,567.1351,709.3516,42664.96,13827.49,56492.45
8,Silverline Holdings,17,AURIN2,3412.0,109.7388,120.9125,38124.65,18012.77,56137.42
19,Giulia Garcia,26,MERIN1,63.0,531.7217,748.737,13671.96,41468.88,55140.85
24,Anchor Fund,17,AURIN2,3253.0,109.5364,120.9125,37006.53,17280.19,54286.72
2,Vantage Partners,19,ORBTE0,1531.0,87.8893,122.521,53021.19,988.9,54010.09
7,Meridian Asset Management,9,CYBPA2,1170.0,263.9212,275.0435,13013.08,40429.35,53442.43
2,Vantage Partners,3,BLUAG3,772.0,182.7358,278.8114,74170.35,-20983.59,53186.76
4,Harborview Partners,4,AMBPL4,1849.0,91.788,118.7762,49901.09,2804.73,52705.82
23,Sarah Larsen,24,CYBMA0,524.0,143.1795,225.7051,43243.41,8947.52,52190.93
10,Harborview Holdings,4,AMBPL4,517.0,87.5019,118.7762,16168.8,35189.4,51358.2
10,Harborview Holdings,39,PIOIN4,5264.0,93.5789,112.7574,100955.78,-50408.61,50547.18
5,Northbridge Fund,16,BLUSA5,7761.0,55.7657,67.3708,90067.01,-39998.23,50068.78
5,Northbridge Fund,15,SILIN4,1563.0,340.888,367.2083,41138.58,8916.56,50055.14
10,Harborview Holdings,17,AURIN2,3022.0,109.8174,120.9125,33529.4,15938.18,49467.57
12,Camille Costa,24,CYBMA0,541.0,142.6852,225.7051,44913.74,4236.12,49149.86
3,Alice Costa,26,MERIN1,107.0,529.0578,748.737,23505.67,22846.96,46352.63
13,Vantage Capital,20,ATLPA1,1648.0,78.4255,96.8958,30439.1,15410.64,45849.74
6,Diego Larsen,7,QUACA3,174.0,469.9572,709.3516,41654.62,3939.78,45594.4
12,Camille Costa,14,WAVIN2,190.0,329.9387,385.0886,10478.49,34993.91,45472.4
7,Meridian Asset Management,32,DELIN7,1588.0,48.5685,66.6704,28745.83,16278.89,45024.72
7,Meridian Asset Management,17,AURIN2,2229.0,109.5912,120.9125,25235.22,18622.43,43857.66
14,Zoe Costa,6,CYBIN4,394.0,364.1547,437.1502,28760.23,14915.96,43676.19
19,Giulia Garcia,35,REDHO9,390.0,226.7583,335.1019,42254.02,1419.52,43673.54
14,Zoe Costa,24,CYBMA0,375.0,118.6577,225.7051,40142.79,3398.87,43541.65
10,Harborview Holdings,33,RIDPL0,3373.0,32.2135,44.4424,41248.16,2084.83,43332.99
22,Ridgeline Capital,20,ATLPA1,1019.0,80.1346,96.8958,17079.68,26134.77,43214.45
10,Harborview Holdings,16,BLUSA5,4188.0,55.6144,67.3708,49235.68,-6117.09,43118.59
7,Meridian Asset Management,34,NORIN2,1124.0,34.3597,75.7532,46526.34,-3414.67,43111.67
8,Silverline Holdings,9,CYBPA2,4443.0,270.6474,275.0435,19531.73,22986.48,42518.21
22,Ridgeline Capital,34,NORIN2,1145.0,36.188,75.7532,45302.1,-3055.31,42246.8
20,Yasmine Novak,7,QUACA3,120.0,522.8801,709.3516,22376.59,18521.35,40897.93
25,Hugo Kowalski,7,QUACA3,167.0,469.8729,709.3516,39992.95,36.03,40028.98
4,Harborview Partners,9,CYBPA2,1678.0,269.4611,275.0435,9367.35,30636.67,40004.02
5,Northbridge Fund,34,NORIN2,808.0,30.6449,75.7532,36447.53,3488.61,39936.14
8,Silverline Holdings,34,NORIN2,1193.0,36.8634,75.7532,46395.48,-6519.78,39875.7
22,Ridgeline Capital,33,RIDPL0,2777.0,32.5998,44.4424,32886.76,6567.92,39454.68
6,Diego Larsen,26,MERIN1,65.0,342.7776,748.737,26387.36,12808.14,39195.51
25,Hugo Kowalski,35,REDHO9,443.0,249.7932,335.1019,37791.74,559.59,38351.33
18,Brightside Holdings,33,RIDPL0,4057.0,33.9097,44.4424,42731.2,-4396.04,38335.16
4,Harborview Partners,17,AURIN2,2583.0,109.516,120.9125,29437.13,8214.56,37651.7
10,Harborview Holdings,9,CYBPA2,5289.0,274.075,275.0435,5122.66,32378.13,37500.79
1,Thomas Garcia,3,BLUAG3,323.0,166.1468,278.8114,36390.65,494.99,36885.64
12,Camille Costa,18,MERGR5,122.0,334.554,520.1016,22636.81,13917.1,36553.91
4,Harborview Partners,6,CYBIN4,640.0,406.4073,437.1502,19675.47,15874.21,35549.69
18,Brightside Holdings,16,BLUSA5,4272.0,55.5149,67.3708,50648.27,-15145.46,35502.81
11,Harborview Group,17,AURIN2,2408.0,110.1553,120.9125,25903.24,7862.98,33766.21
22,Ridgeline Capital,17,AURIN2,2555.0,110.2523,120.9125,27236.83,6493.71,33730.54
4,Harborview Partners,20,ATLPA1,1481.0,80.7395,96.8958,23927.43,9755.73,33683.15
7,Meridian Asset Management,20,ATLPA1,624.0,82.3099,96.8958,9101.57,24006.93,33108.5
10,Harborview Holdings,30,WAVHO2,3265.0,101.0296,106.5888,18150.88,13748.57,31899.45
23,Sarah Larsen,14,WAVIN2,197.0,427.8266,385.0886,-8419.39,40209.82,31790.43
17,Zoe Muller,18,MERGR5,214.0,392.2362,520.1016,27363.19,4307.59,31670.79
14,Zoe Costa,26,MERIN1,18.0,495.0282,748.737,4566.76,27084.43,31651.18
22,Ridgeline Capital,21,VERCA7,1611.0,330.2197,372.6011,68276.39,-36768.02,31508.37
17,Zoe Muller,7,QUACA3,187.0,541.6107,709.3516,31367.56,118.57,31486.13
2,Vantage Partners,32,DELIN7,1351.0,56.2908,66.6704,14022.78,17423.1,31445.88
17,Zoe Muller,3,BLUAG3,449.0,178.0345,278.8114,45248.85,-14433.15,30815.7
11,Harborview Group,9,CYBPA2,1798.0,271.2124,275.0435,6888.29,23828.76,30717.05
14,Zoe Costa,18,MERGR5,131.0,421.2832,520.1016,12945.21,17715.16,30660.37
8,Silverline Holdings,33,RIDPL0,2687.0,33.6899,44.4424,28892.06,1678.75,30570.81
19,Giulia Garcia,7,QUACA3,192.0,571.0656,709.3516,26550.9,3880.74,30431.64
19,Giulia Garcia,14,WAVIN2,100.0,362.1672,385.0886,2292.14,27618.02,29910.16
1,Thomas Garcia,34,NORIN2,700.0,33.4317,75.7532,29625.07,112.93,29738.01
19,Giulia Garcia,24,CYBMA0,271.0,116.5212,225.7051,29588.84,6.32,29595.16
23,Sarah Larsen,35,REDHO9,251.0,254.8415,335.1019,20145.37,9226.63,29372.0
25,Hugo Kowalski,3,BLUAG3,329.0,194.283,278.8114,27809.85,1441.35,29251.2
22,Ridgeline Capital,32,DELIN7,2687.0,57.527,66.6704,24568.24,4616.8,29185.04
13,Vantage Capital,15,SILIN4,490.0,335.8574,367.2083,15361.93,13738.22,29100.14
10,Harborview Holdings,32,DELIN7,3248.0,59.3883,66.6704,23652.15,5329.47,28981.61
18,Brightside Holdings,30,WAVHO2,2610.0,99.8887,106.5888,17487.19,11376.8,28864.0
8,Silverline Holdings,16,BLUSA5,4026.0,56.653,67.3708,43149.68,-14301.39,28848.29
11,Harborview Group,16,BLUSA5,2606.0,55.2109,67.3708,31688.74,-3286.12,28402.62
6,Diego Larsen,35,REDHO9,297.0,248.2302,335.1019,25800.9,2564.87,28365.77
5,Northbridge Fund,17,AURIN2,2154.0,108.7482,120.9125,26201.85,1758.95,27960.8
11,Harborview Group,33,RIDPL0,2126.0,32.4059,44.4424,25589.66,2096.09,27685.75
1,Thomas Garcia,4,AMBPL4,805.0,87.8945,118.7762,24859.74,2761.91,27621.64
13,Vantage Capital,17,AURIN2,1284.0,109.1297,120.9125,15129.13,12463.78,27592.91
5,Northbridge Fund,35,REDHO9,0.0,,,0.0,27380.35,27380.35
24,Anchor Fund,30,WAVHO2,3204.0,101.1902,106.5888,17297.15,9997.5,27294.66
16,Alice Silva,20,ATLPA1,1068.0,80.1491,96.8958,17885.5,9260.34,27145.84
23,Sarah Larsen,6,CYBIN4,156.0,399.2945,437.1502,5905.48,21200.9,27106.38
20,Yasmine Novak,18,MERGR5,119.0,400.1281,520.1016,14276.85,11942.17,26219.02
5,Northbridge Fund,19,ORBTE0,451.0,62.6687,122.521,26993.4,-813.94,26179.46
1,Thomas Garcia,23,SILIN3,242.0,117.3192,209.053,22199.58,3636.92,25836.5
16,Alice Silva,18,MERGR5,130.0,426.7014,520.1016,12142.03,13563.42,25705.45
4,Harborview Partners,25,FALTE3,1065.0,96.7259,131.4268,36956.51,-11901.58,25054.92
22,Ridgeline Capital,16,BLUSA5,2099.0,53.4216,67.3708,29279.28,-4438.72,24840.56
14,Zoe Costa,3,BLUAG3,166.0,184.2008,278.8114,15705.37,9055.56,24760.93
21,Antoine Martin,7,QUACA3,71.0,409.6769,709.3516,21276.91,3252.68,24529.58
1,Thomas Garcia,18,MERGR5,161.0,423.1589,520.1016,15607.77,8166.39,23774.16
2,Vantage Partners,15,SILIN4,902.0,351.2222,367.2083,14419.5,8697.45,23116.96
7,Meridian Asset Management,30,WAVHO2,1915.0,98.6562,106.5888,15190.91,7877.48,23068.39
25,Hugo Kowalski,23,SILIN3,213.0,131.3338,209.053,16554.19,6372.56,22926.74
8,Silverline Holdings,30,WAVHO2,1785.0,99.5123,106.5888,12631.63,10092.88,22724.51
14,Zoe Costa,14,WAVIN2,390.0,343.0821,385.0886,16382.52,6298.84,22681.35
13,Vantage Capital,30,WAVHO2,2544.0,99.3232,106.5888,18483.71,4011.11,22494.83
24,Anchor Fund,33,RIDPL0,1461.0,34.1803,44.4424,14992.99,7487.05,22480.04
16,Alice Silva,35,REDHO9,214.0,231.0346,335.1019,22270.4,62.43,22332.84
25,Hugo Kowalski,24,CYBMA0,118.0,121.7637,225.7051,12265.08,10057.11,22322.19
6,Diego Larsen,24,CYBMA0,212.0,147.8058,225.7051,16514.66,5769.33,22283.98
4,Harborview Partners,32,DELIN7,1107.0,61.3781,66.6704,5858.62,16210.16,22068.78
4,Harborview Partners,30,WAVHO2,2079.0,98.3426,106.5888,17143.93,4783.93,21927.86
15,Antoine Silva,35,REDHO9,160.0,220.7388,335.1019,18298.09,3527.76,21825.85
16,Alice Silva,26,MERIN1,46.0,463.9223,748.737,13101.47,8522.29,21623.76
6,Diego Larsen,34,NORIN2,556.0,36.2414,75.7532,21968.57,-428.43,21540.14
19,Giulia Garcia,23,SILIN3,202.0,120.7198,209.053,17843.3,3351.03,21194.33
3,Alice Costa,24,CYBMA0,179.0,145.9868,225.7051,14269.57,6562.78,20832.35
20,Yasmine Novak,14,WAVIN2,247.0,359.52,385.0886,6315.44,14072.8,20388.24
7,Meridian Asset Management,33,RIDPL0,1869.0,33.8721,44.4424,19755.82,517.61,20273.43
20,Yasmine Novak,19,ORBTE0,346.0,65.204,122.521,19831.68,437.24,20268.92
17,Zoe Muller,24,CYBMA0,194.0,128.0602,225.7051,18943.11,1301.39,20244.5
5,Northbridge Fund,39,PIOIN4,1373.0,93.7351,112.7574,26117.59,-6608.62,19508.97
1,Thomas Garcia,7,QUACA3,0.0,,,0.0,19464.93,19464.93
6,Diego Larsen,18,MERGR5,156.0,481.7665,520.1016,5980.28,13356.78,19337.07
11,Harborview Group,15,SILIN4,808.0,341.189,367.2083,21023.59,-1887.33,19136.26
15,Antoine Silva,24,CYBMA0,205.0,140.7261,225.7051,17420.7,1656.63,19077.34
23,Sarah Larsen,23,SILIN3,41.0,128.9371,209.053,3284.75,15558.32,18843.07
16,Alice Silva,24,CYBMA0,190.0,136.3435,225.7051,16978.71,1535.6,18514.31
11,Harborview Group,30,WAVHO2,2097.0,100.1063,106.5888,13593.84,4546.47,18140.31
23,Sarah Larsen,4,AMBPL4,540.0,86.7858,118.7762,17274.81,452.77,17727.57
16,Alice Silva,23,SILIN3,237.0,134.8768,209.053,17579.76,114.94,17694.69
6,Diego Larsen,23,SILIN3,180.0,127.9171,209.053,14604.47,2922.98,17527.44
20,Yasmine Novak,24,CYBMA0,125.0,108.3699,225.7051,14666.9,2751.04,17417.94
5,Northbridge Fund,32,DELIN7,1320.0,60.4977,66.6704,8148.01,8872.5,17020.51
13,Vantage Capital,32,DELIN7,37.0,58.7406,66.6704,293.4,16620.82,16914.23
2,Vantage Partners,9,CYBPA2,298.0,269.5346,275.0435,1641.67,15225.72,16867.38
24,Anchor Fund,13,AMBPA6,3236.0,139.5148,137.5057,-6501.56,23323.31,16821.74
16,Alice Silva,6,CYBIN4,263.0,375.4881,437.1502,16217.14,565.44,16782.58
12,Camille Costa,25,FALTE3,373.0,87.7956,131.4268,16274.43,478.2,16752.63
17,Zoe Muller,6,CYBIN4,233.0,380.6396,437.1502,13166.97,3386.81,16553.78
25,Hugo Kowalski,34,NORIN2,353.0,30.3136,75.7532,16040.17,131.73,16171.89
15,Antoine Silva,18,MERGR5,175.0,479.3616,520.1016,7129.49,8893.77,16023.27
5,Northbridge Fund,20,ATLPA1,788.0,83.98,96.8958,10177.68,5129.26,15306.94
14,Zoe Costa,23,SILIN3,160.0,140.7939,209.053,10921.45,4297.72,15219.17
1,Thomas Garcia,35,REDHO9,176.0,264.9396,335.1019,12348.57,2580.43,14929.0
19,Giulia Garcia,6,CYBIN4,151.0,384.735,437.1502,7914.7,6983.57,14898.27
18,Brightside Holdings,27,CEDCA1,2939.0,89.3442,92.9752,10671.6,4176.9,14848.5
12,Camille Costa,23,SILIN3,86.0,123.6576,209.053,7344.01,7391.93,14735.94
25,Hugo Kowalski,15,SILIN4,313.0,329.3619,367.2083,11845.91,2798.64,14644.55
7,Meridian Asset Management,13,AMBPA6,276.0,149.2875,137.5057,-3251.77,17810.53,14558.75
3,Alice Costa,7,QUACA3,61.0,557.6099,709.3516,9256.24,4885.99,14142.23
23,Sarah Larsen,20,ATLPA1,231.0,77.0452,96.8958,4585.48,9438.97,14024.45
8,Silverline Holdings,27,CEDCA1,2928.0,89.9319,92.9752,8910.89,5105.07,14015.96
21,Antoine Martin,24,CYBMA0,98.0,86.3252,225.7051,13659.23,306.79,13966.02
23,Sarah Larsen,3,BLUAG3,135.0,166.1255,278.8114,15212.6,-1442.85,13769.76
17,Zoe Muller,33,RIDPL0,986.0,33.8109,44.4424,10482.61,2800.72,13283.33
15,Antoine Silva,19,ORBTE0,205.0,61.3849,122.521,12532.9,675.92,13208.82
6,Diego Larsen,21,VERCA7,390.0,331.7557,372.6011,15929.72,-2750.73,13178.99
3,Alice Costa,34,NORIN2,280.0,30.491,75.7532,12673.42,367.11,13040.54
7,Meridian Asset Management,21,VERCA7,1583.0,335.612,372.6011,58553.76,-46138.81,12414.95
23,Sarah Larsen,19,ORBTE0,147.0,58.3664,122.521,9430.72,2953.25,12383.97
19,Giulia Garcia,34,NORIN2,260.0,28.1992,75.7532,12364.05,-208.68,12155.37
15,Antoine Silva,15,SILIN4,227.0,332.9775,367.2083,7770.39,4384.42,12154.81
11,Harborview Group,2,QUACO1,708.0,95.1638,89.9745,-3674.01,15552.88,11878.87
24,Anchor Fund,27,CEDCA1,2137.0,90.3181,92.9752,5678.29,6193.4,11871.69
3,Alice Costa,15,SILIN4,347.0,334.0598,367.2083,11502.53,279.95,11782.48
25,Hugo Kowalski,21,VERCA7,384.0,334.6692,372.6011,14565.86,-2821.56,11744.3
23,Sarah Larsen,15,SILIN4,218.0,330.5927,367.2083,7982.21,3743.53,11725.74
15,Antoine Silva,17,AURIN2,511.0,110.1844,120.9125,5482.08,6066.97,11549.05
15,Antoine Silva,23,SILIN3,78.0,107.2177,209.053,7943.15,3557.81,11500.97
5,Northbridge Fund,9,CYBPA2,974.0,270.5006,275.0435,4424.81,7062.63,11487.43
2,Vantage Partners,17,AURIN2,932.0,112.2648,120.9125,8059.62,3381.47,11441.09
14,Zoe Costa,19,ORBTE0,179.0,65.6259,122.521,10184.22,1151.13,11335.35
17,Zoe Muller,35,REDHO9,6.0,216.6185,335.1019,710.9,10582.1,11293.0
6,Diego Larsen,14,WAVIN2,84.0,354.6492,385.0886,2556.91,8597.41,11154.32
12,Camille Costa,34,NORIN2,238.0,31.0066,75.7532,10649.69,411.2,11060.9
3,Alice Costa,35,REDHO9,124.0,251.8445,335.1019,10323.92,703.99,11027.91
2,Vantage Partners,39,PIOIN4,908.0,93.9969,112.7574,17034.49,-6028.91,11005.58
16,Alice Silva,15,SILIN4,462.0,344.1248,367.2083,10664.57,309.26,10973.83
17,Zoe Muller,19,ORBTE0,204.0,71.0296,122.521,10504.24,463.61,10967.85
16,Alice Silva,4,AMBPL4,337.0,86.4452,118.7762,10895.53,64.62,10960.15
23,Sarah Larsen,34,NORIN2,208.25,38.5946,75.7532,7738.29,3182.82,10921.11
20,Yasmine Novak,35,REDHO9,119.0,252.7213,335.1019,9803.3,1070.89,10874.19
10,Harborview Holdings,27,CEDCA1,1861.0,90.4989,92.9752,4608.45,6235.94,10844.39
25,Hugo Kowalski,18,MERGR5,108.0,436.7152,520.1016,9005.73,1738.21,10743.94
21,Antoine Martin,35,REDHO9,165.0,276.619,335.1019,9649.68,1005.44,10655.11
10,Harborview Holdings,13,AMBPA6,4265.0,138.4943,137.5057,-4216.4,14756.55,10540.15
19,Giulia Garcia,15,SILIN4,214.0,329.975,367.2083,7967.92,2453.16,10421.08
6,Diego Larsen,15,SILIN4,351.0,342.1314,367.2083,8801.98,1524.2,10326.18
20,Yasmine Novak,21,VERCA7,204.0,323.7627,372.6011,9963.03,144.91,10107.94
15,Antoine Silva,34,NORIN2,237.0,31.9983,75.7532,10369.92,-310.53,10059.39
3,Alice Costa,23,SILIN3,86.0,110.1192,209.053,8508.31,1493.05,10001.36
12,Camille Costa,35,REDHO9,71.0,263.2207,335.1019,5103.57,4775.91,9879.48
21,Antoine Martin,18,MERGR5,206.0,477.4388,520.1016,8788.54,1071.12,9859.66
5,Northbridge Fund,33,RIDPL0,529.0,35.8208,44.4424,4560.81,5234.42,9795.22
21,Antoine Martin,3,BLUAG3,115.0,172.1899,278.8114,12261.47,-2565.9,9695.56
1,Thomas Garcia,6,CYBIN4,50.0,394.8025,437.1502,2117.39,7503.27,9620.65
7,Meridian Asset Management,27,CEDCA1,1786.0,89.62,92.9752,5992.37,3572.13,9564.51
15,Antoine Silva,21,VERCA7,225.0,330.4314,372.6011,9488.19,34.77,9522.96
14,Zoe Costa,25,FALTE3,304.0,94.8225,131.4268,11127.7,-1651.44,9476.27
5,Northbridge Fund,2,QUACO1,0.0,,,0.0,9476.02,9476.02
5,Northbridge Fund,30,WAVHO2,844.0,100.0493,106.5888,5519.34,3830.55,9349.9
12,Camille Costa,17,AURIN2,727.0,108.8196,120.9125,8791.57,530.65,9322.22
17,Zoe Muller,14,WAVIN2,139.0,407.4327,385.0886,-3105.83,12323.94,9218.11
5,Northbridge Fund,13,AMBPA6,1072.0,139.8803,137.5057,-2545.6,11705.41,9159.81
11,Harborview Group,27,CEDCA1,873.0,89.3627,92.9752,3153.75,5885.04,9038.8
6,Diego Larsen,19,ORBTE0,152.0,63.4075,122.521,8985.25,-128.55,8856.7
13,Vantage Capital,13,AMBPA6,795.0,136.7287,137.5057,617.68,8179.57,8797.25
2,Vantage Partners,20,ATLPA1,0.0,,,0.0,8739.02,8739.02
3,Alice Costa,3,BLUAG3,100.0,191.9949,278.8114,8681.65,-210.92,8470.73
25,Hugo Kowalski,14,WAVIN2,327.0,362.8346,385.0886,7277.07,1189.9,8466.98
19,Giulia Garcia,3,BLUAG3,85.0,179.4711,278.8114,8443.93,-8.46,8435.47
11,Harborview Group,34,NORIN2,416.5,36.0903,75.7532,16519.6,-8313.56,8206.04
12,Camille Costa,4,AMBPL4,228.0,90.463,118.7762,6455.41,1609.08,8064.49
22,Ridgeline Capital,30,WAVHO2,1018.0,102.7951,106.5888,3861.95,4074.41,7936.36
20,Yasmine Novak,4,AMBPL4,247.0,88.0241,118.7762,7595.77,123.27,7719.04
15,Antoine Silva,25,FALTE3,212.0,93.9374,131.4268,7947.75,-258.2,7689.55
20,Yasmine Novak,34,NORIN2,168.0,31.1766,75.7532,7488.87,153.63,7642.5
4,Harborview Partners,16,BLUSA5,995.0,54.9476,67.3708,12361.07,-4734.55,7626.52
19,Giulia Garcia,19,ORBTE0,140.0,69.3986,122.521,7437.14,125.28,7562.42
12,Camille Costa,21,VERCA7,270.0,332.539,372.6011,10816.76,-3277.37,7539.4
12,Camille Costa,19,ORBTE0,113.0,57.5909,122.521,7337.1,44.58,7381.68
3,Alice Costa,19,ORBTE0,120.0,65.7815,122.521,6808.74,540.51,7349.26
23,Sarah Larsen,9,CYBPA2,216.0,263.1005,275.0435,2579.68,4726.37,7306.05
16,Alice Silva,30,WAVHO2,891.0,101.2098,106.5888,4792.69,2487.06,7279.75
11,Harborview Group,32,DELIN7,1345.0,61.7966,66.6704,6555.31,674.1,7229.42
3,Alice Costa,6,CYBIN4,70.0,387.2351,437.1502,3494.06,3652.27,7146.33
14,Zoe Costa,21,VERCA7,226.0,335.0112,372.6011,8495.31,-1561.04,6934.27
16,Alice Silva,9,CYBPA2,292.0,254.6746,275.0435,5947.73,620.76,6568.49
13,Vantage Capital,2,QUACO1,366.0,93.4789,89.9745,-1282.62,7761.92,6479.31
20,Yasmine Novak,3,BLUAG3,26.0,165.2975,278.8114,2951.36,3428.67,6380.03
21,Antoine Martin,19,ORBTE0,97.0,58.0629,122.521,6252.44,106.48,6358.91
10,Harborview Holdings,21,VERCA7,2665.0,343.3943,372.6011,77836.05,-71608.58,6227.47
1,Thomas Garcia,19,ORBTE0,76.0,58.9857,122.521,4828.68,1309.21,6137.89
22,Ridgeline Capital,27,CEDCA1,924.0,89.5802,92.9752,3136.94,2958.67,6095.61
7,Meridian Asset Management,25,FALTE3,1950.0,88.7167,131.4268,83284.63,-77205.79,6078.84
17,Zoe Muller,34,NORIN2,124.0,36.7806,75.7532,4832.6,1218.78,6051.39
13,Vantage Capital,27,CEDCA1,1520.0,90.444,92.9752,3847.5,2102.25,5949.75
13,Vantage Capital,14,WAVIN2,2011.0,423.21,385.0886,-76662.13,82461.07,5798.95
20,Yasmine Novak,15,SILIN4,68.0,345.2671,367.2083,1492.0,4272.41,5764.41
12,Camille Costa,20,ATLPA1,285.0,80.8187,96.8958,4581.97,1088.76,5670.73
20,Yasmine Novak,6,CYBIN4,235.0,429.9612,437.1502,1689.41,3929.28,5618.69
3,Alice Costa,18,MERGR5,15.0,399.4434,520.1016,1809.87,3778.28,5588.15
12,Camille Costa,6,CYBIN4,297.0,423.9869,437.1502,3909.49,1661.56,5571.05
12,Camille Costa,3,BLUAG3,67.0,192.7281,278.8114,5767.58,-288.05,5479.53
4,Harborview Partners,27,CEDCA1,1747.0,90.3167,92.9752,4644.46,778.99,5423.46
16,Alice Silva,21,VERCA7,149.0,326.703,372.6011,6838.81,-1473.78,5365.03
2,Vantage Partners,4,AMBPL4,215.0,83.5439,118.7762,7574.94,-2253.69,5321.25
23,Sarah Larsen,17,AURIN2,323.0,108.4789,120.9125,4016.05,1289.6,5305.65
15,Antoine Silva,14,WAVIN2,105.0,377.6691,385.0886,779.05,4486.46,5265.51
19,Giulia Garcia,4,AMBPL4,169.0,90.9196,118.7762,4707.76,543.43,5251.19
3,Alice Costa,4,AMBPL4,149.0,83.5455,118.7762,5249.37,0.0,5249.37
22,Ridgeline Capital,9,CYBPA2,1124.0,272.1718,275.0435,3227.83,1985.9,5213.74
6,Diego Larsen,4,AMBPL4,164.0,89.7633,118.7762,4758.12,420.37,5178.49
20,Yasmine Novak,20,ATLPA1,113.0,79.8069,96.8958,1931.04,3149.83,5080.87
17,Zoe Muller,21,VERCA7,88.0,320.5088,372.6011,4584.12,353.01,4937.13
3,Alice Costa,14,WAVIN2,267.0,392.2164,385.0886,-1903.12,6823.15,4920.03
14,Zoe Costa,4,AMBPL4,136.0,86.7141,118.7762,4360.45,555.0,4915.45
6,Diego Larsen,9,CYBPA2,127.0,252.9965,275.0435,2799.97,1981.81,4781.78
15,Antoine Silva,20,ATLPA1,202.0,74.1912,96.8958,4586.32,165.49,4751.81
14,Zoe Costa,35,REDHO9,139.0,294.9608,335.1019,5579.62,-835.31,4744.3
15,Antoine Silva,27,CEDCA1,1158.0,90.3986,92.9752,2983.72,1717.58,4701.3
21,Antoine Martin,23,SILIN3,12.0,115.1003,209.053,1127.43,3538.43,4665.86
6,Diego Larsen,32,DELIN7,301.0,55.5342,66.6704,3352.0,1084.24,4436.25
21,Antoine Martin,34,NORIN2,89.0,33.2331,75.7532,3784.29,637.86,4422.15
21,Antoine Martin,4,AMBPL4,117.0,82.9224,118.7762,4194.9,202.28,4397.18
5,Northbridge Fund,27,CEDCA1,1329.0,90.0465,92.9752,3892.28,396.35,4288.63
19,Giulia Garcia,32,DELIN7,352.0,56.4696,66.6704,3590.69,657.2,4247.89
25,Hugo Kowalski,4,AMBPL4,129.0,88.341,118.7762,3926.15,292.18,4218.33
21,Antoine Martin,6,CYBIN4,118.0,401.6577,437.1502,4188.12,0.0,4188.12
19,Giulia Garcia,20,ATLPA1,120.0,75.7725,96.8958,2534.8,1641.37,4176.16
3,Alice Costa,9,CYBPA2,380.0,266.6145,275.0435,3203.0,949.47,4152.47
16,Alice Silva,17,AURIN2,184.0,101.5955,120.9125,3554.34,591.75,4146.08
23,Sarah Larsen,39,PIOIN4,410.0,86.6501,112.7574,10703.99,-6589.98,4114.01
25,Hugo Kowalski,19,ORBTE0,70.0,56.0041,122.521,4656.18,-597.82,4058.36
1,Thomas Garcia,20,ATLPA1,199.0,80.1527,96.8958,3331.88,692.46,4024.35
21,Antoine Martin,15,SILIN4,25.0,320.3136,367.2083,1172.37,2850.95,4023.32
16,Alice Silva,3,BLUAG3,45.0,185.8197,278.8114,4184.63,-257.7,3926.92
6,Diego Larsen,3,BLUAG3,47.0,183.5905,278.8114,4475.38,-585.09,3890.29
3,Alice Costa,21,VERCA7,98.0,327.6057,372.6011,4409.55,-545.32,3864.23
12,Camille Costa,15,SILIN4,105.0,344.655,367.2083,2368.09,1482.49,3850.58
14,Zoe Costa,32,DELIN7,239.0,54.1109,66.6704,3001.73,800.4,3802.13
15,Antoine Silva,6,CYBIN4,88.0,396.7281,437.1502,3557.14,53.05,3610.19
1,Thomas Garcia,16,BLUSA5,360.0,56.2822,67.3708,3991.91,-382.01,3609.9
16,Alice Silva,32,DELIN7,250.0,54.7107,66.6704,2989.93,556.46,3546.39
2,Vantage Partners,30,WAVHO2,775.0,104.1754,106.5888,1870.37,1656.37,3526.74
12,Camille Costa,9,CYBPA2,558.0,270.6991,275.0435,2424.2,1087.5,3511.7
6,Diego Larsen,20,ATLPA1,29.0,75.4363,96.8958,622.33,2857.32,3479.64
20,Yasmine Novak,33,RIDPL0,298.0,33.0575,44.4424,3392.71,79.29,3472.0
23,Sarah Larsen,32,DELIN7,207.0,57.7722,66.6704,1841.92,1598.67,3440.59
19,Giulia Garcia,16,BLUSA5,302.0,54.6814,67.3708,3832.21,-426.58,3405.63
20,Yasmine Novak,23,SILIN3,159.0,190.5924,209.053,2935.24,426.21,3361.45
17,Zoe Muller,32,DELIN7,317.0,57.5117,66.6704,2903.32,411.57,3314.88
2,Vantage Partners,16,BLUSA5,451.0,53.9184,67.3708,6067.03,-2765.94,3301.09
19,Giulia Garcia,17,AURIN2,287.0,111.9301,120.9125,2577.94,707.81,3285.75
16,Alice Silva,25,FALTE3,122.0,106.8477,131.4268,2998.66,259.9,3258.55
14,Zoe Costa,16,BLUSA5,273.0,54.4546,67.3708,3526.13,-365.33,3160.8
14,Zoe Costa,20,ATLPA1,15.0,70.5361,96.8958,395.4,2764.37,3159.77
6,Diego Larsen,25,FALTE3,307.0,104.7519,131.4268,8189.21,-5039.9,3149.31
14,Zoe Costa,17,AURIN2,263.0,111.2413,120.9125,2543.53,601.08,3144.61
14,Zoe Costa,9,CYBPA2,174.0,267.2859,275.0435,1349.82,1785.42,3135.25
3,Alice Costa,13,AMBPA6,19.0,138.7855,137.5057,-24.32,3090.84,3066.53
14,Zoe Costa,33,RIDPL0,263.0,34.0958,44.4424,2721.17,309.91,3031.07
23,Sarah Larsen,30,WAVHO2,371.0,99.5246,106.5888,2620.82,371.84,2992.66
25,Hugo Kowalski,33,RIDPL0,260.0,33.6144,44.4424,2815.28,124.23,2939.51
3,Alice Costa,25,FALTE3,43.0,87.7609,131.4268,1877.63,1057.81,2935.45
1,Thomas Garcia,9,CYBPA2,40.0,262.6416,275.0435,496.07,2370.64,2866.71
3,Alice Costa,20,ATLPA1,56.0,80.757,96.8958,903.77,1867.58,2771.35
25,Hugo Kowalski,9,CYBPA2,81.0,265.8414,275.0435,745.37,2009.57,2754.95
17,Zoe Muller,15,SILIN4,215.0,356.9458,367.2083,2206.44,540.3,2746.74
25,Hugo Kowalski,20,ATLPA1,123.0,81.8982,96.8958,1844.71,879.72,2724.43
1,Thomas Garcia,21,VERCA7,199.0,346.0294,372.6011,5287.76,-2620.04,2667.73
20,Yasmine Novak,32,DELIN7,232.0,55.4616,66.6704,2600.44,65.12,2665.57
6,Diego Larsen,16,BLUSA5,229.0,55.6557,67.3708,2682.76,-75.96,2606.8
23,Sarah Larsen,33,RIDPL0,120.0,32.3421,44.4424,1452.03,1151.14,2603.18
15,Antoine Silva,4,AMBPL4,81.0,84.3531,118.7762,2788.27,-185.19,2603.08
6,Diego Larsen,17,AURIN2,141.0,107.7476,120.9125,1856.24,661.28,2517.53
21,Antoine Martin,25,FALTE3,33.0,71.2607,131.4268,1985.48,509.33,2494.81
25,Hugo Kowalski,17,AURIN2,138.0,107.037,120.9125,1914.82,525.73,2440.55
17,Zoe Muller,20,ATLPA1,73.0,76.8936,96.8958,1460.16,956.49,2416.65
23,Sarah Larsen,16,BLUSA5,354.0,55.9081,67.3708,4057.79,-1708.5,2349.29
17,Zoe Muller,17,AURIN2,142.0,108.4563,120.9125,1768.77,529.88,2298.66
20,Yasmine Novak,13,AMBPA6,554.0,135.2493,137.5057,1250.04,874.29,2124.34
3,Alice Costa,39,PIOIN4,46.0,84.7515,112.7574,1288.27,813.62,2101.89
15,Antoine Silva,16,BLUSA5,156.0,54.453,67.3708,2015.17,74.7,2089.88
21,Antoine Martin,32,DELIN7,208.0,58.1532,66.6704,1771.58,186.54,1958.13
12,Camille Costa,32,DELIN7,200.0,68.1621,66.6704,-298.35,2182.1,1883.75
23,Sarah Larsen,27,CEDCA1,577.0,90.3417,92.9752,1519.52,355.67,1875.19
24,Anchor Fund,2,QUACO1,2970.0,95.2807,89.9745,-15759.43,17600.24,1840.81
21,Antoine Martin,20,ATLPA1,101.0,83.9554,96.8958,1306.98,523.6,1830.59
17,Zoe Muller,4,AMBPL4,0.0,,,0.0,1818.22,1818.22
1,Thomas Garcia,32,DELIN7,131.0,53.3255,66.6704,1748.18,31.44,1779.62
17,Zoe Muller,13,AMBPA6,958.0,141.919,137.5057,-4227.98,6003.78,1775.79
17,Zoe Muller,9,CYBPA2,189.0,269.3223,275.0435,1081.3,682.55,1763.85
25,Hugo Kowalski,32,DELIN7,188.0,59.7901,66.6704,1293.49,453.1,1746.59
25,Hugo Kowalski,16,BLUSA5,193.0,56.5914,67.3708,2080.43,-352.47,1727.96
20,Yasmine Novak,17,AURIN2,116.0,108.7187,120.9125,1414.48,261.27,1675.75
6,Diego Larsen,30,WAVHO2,143.0,99.4473,106.5888,1021.24,653.48,1674.72
14,Zoe Costa,30,WAVHO2,314.0,102.4669,106.5888,1294.27,326.71,1620.98
12,Camille Costa,30,WAVHO2,241.0,100.3143,106.5888,1512.16,97.83,1609.99
19,Giulia Garcia,30,WAVHO2,245.0,100.8341,106.5888,1409.89,162.74,1572.63
19,Giulia Garcia,9,CYBPA2,232.0,271.3118,275.0435,865.74,679.59,1545.34
14,Zoe Costa,34,NORIN2,42.0,32.1298,75.7532,1832.18,-335.4,1496.79
20,Yasmine Novak,30,WAVHO2,281.0,102.9072,106.5888,1034.54,447.3,1481.84
21,Antoine Martin,39,PIOIN4,76.0,81.7628,112.7574,2355.59,-901.24,1454.34
20,Yasmine Novak,16,BLUSA5,160.0,55.3096,67.3708,1929.8,-477.95,1451.84
2,Vantage Partners,27,CEDCA1,319.0,89.5882,92.9752,1080.47,339.69,1420.15
16,Alice Silva,34,NORIN2,48.0,37.0307,75.7532,1858.68,-438.68,1420.0
3,Alice Costa,32,DELIN7,139.0,56.1407,66.6704,1463.63,-65.15,1398.48
16,Alice Silva,33,RIDPL0,85.0,30.363,44.4424,1196.75,188.6,1385.34
24,Anchor Fund,16,BLUSA5,1537.0,55.4716,67.3708,18289.11,-16966.65,1322.46
1,Thomas Garcia,30,WAVHO2,13.0,98.0868,106.5888,110.53,1152.55,1263.07
19,Giulia Garcia,33,RIDPL0,95.0,32.571,44.4424,1127.78,120.43,1248.21
8,Silverline Holdings,29,WAVIN1,218.0,89.2071,83.732,-1193.57,2434.92,1241.35
3,Alice Costa,17,AURIN2,42.0,110.5824,120.9125,433.86,730.11,1163.97
15,Antoine Silva,30,WAVHO2,104.0,100.1427,106.5888,670.4,475.73,1146.12
21,Antoine Martin,30,WAVHO2,85.0,101.4845,106.5888,433.87,662.54,1096.41
1,Thomas Garcia,17,AURIN2,16.0,103.8309,120.9125,273.31,814.28,1087.58
16,Alice Silva,2,QUACO1,17.0,98.7258,89.9745,-148.77,1229.62,1080.85
1,Thomas Garcia,33,RIDPL0,1.0,29.5754,44.4424,14.87,1032.47,1047.33
25,Hugo Kowalski,30,WAVHO2,175.0,102.0547,106.5888,793.46,161.92,955.38
21,Antoine Martin,17,AURIN2,62.0,109.3193,120.9125,718.78,227.84,946.62
3,Alice Costa,30,WAVHO2,35.0,99.2794,106.5888,255.83,651.52,907.35
14,Zoe Costa,27,CEDCA1,212.0,90.0767,92.9752,614.49,268.92,883.41
1,Thomas Garcia,15,SILIN4,44.0,331.972,367.2083,1550.4,-671.5,878.9
1,Thomas Garcia,13,AMBPA6,28.0,141.1421,137.5057,-101.82,976.55,874.73
16,Alice Silva,19,ORBTE0,13.0,53.1463,122.521,901.87,-82.61,819.26
17,Zoe Muller,25,FALTE3,216.0,107.7223,131.4268,5120.16,-4341.89,778.28
17,Zoe Muller,28,BLUTE2,0.0,,,0.0,766.75,766.75
3,Alice Costa,10,HARIN3,33.0,324.635,142.5095,-6010.14,6764.57,754.43
13,Vantage Capital,25,FALTE3,2113.0,97.4577,131.4268,71776.72,-71041.68,735.04
3,Alice Costa,33,RIDPL0,12.0,30.5091,44.4424,167.2,513.32,680.52
21,Antoine Martin,16,BLUSA5,184.0,56.7434,67.3708,1955.44,-1283.18,672.27
6,Diego Larsen,13,AMBPA6,170.0,141.1306,137.5057,-616.23,1278.13,661.9
17,Zoe Muller,30,WAVHO2,35.0,97.9319,106.5888,302.99,345.23,648.22
3,Alice Costa,27,CEDCA1,119.0,90.0456,92.9752,348.63,293.2,641.83
12,Camille Costa,27,CEDCA1,76.0,90.0087,92.9752,225.45,400.38,625.83
12,Camille Costa,11,ORBAG4,333.0,25.6534,28.2623,868.75,-276.15,592.6
20,Yasmine Novak,39,PIOIN4,79.0,91.2879,112.7574,1696.09,-1107.0,589.09
15,Antoine Silva,33,RIDPL0,90.0,38.2968,44.4424,553.1,10.88,563.98
25,Hugo Kowalski,27,CEDCA1,115.0,90.524,92.9752,281.89,263.73,545.62
21,Antoine Martin,33,RIDPL0,31.0,32.3424,44.4424,375.1,135.34,510.43
6,Diego Larsen,33,RIDPL0,63.0,35.6812,44.4424,551.96,-54.11,497.85
15,Antoine Silva,31,NOVAG4,284.0,110.5314,112.2563,489.88,0.0,489.88
14,Zoe Costa,13,AMBPA6,192.0,137.5191,137.5057,-2.57,481.88,479.3
21,Antoine Martin,21,VERCA7,38.0,329.8496,372.6011,1624.56,-1161.46,463.1
6,Diego Larsen,27,CEDCA1,85.0,90.0442,92.9752,249.13,198.64,447.77
21,Antoine Martin,27,CEDCA1,36.0,87.1904,92.9752,208.25,230.29,438.55
1,Thomas Garcia,27,CEDCA1,30.0,89.9156,92.9752,91.79,334.64,426.43
17,Zoe Muller,27,CEDCA1,311.0,91.584,92.9752,432.66,-10.16,422.5
20,Yasmine Novak,9,CYBPA2,256.0,276.1529,275.0435,-284.01,700.31,416.29
25,Hugo Kowalski,6,CYBIN4,64.0,435.8994,437.1502,80.05,319.8,399.85
3,Alice Costa,16,BLUSA5,68.0,61.0126,67.3708,432.36,-97.41,334.95
20,Yasmine Novak,27,CEDCA1,23.0,89.4473,92.9752,81.14,250.72,331.86
12,Camille Costa,16,BLUSA5,47.0,52.0677,67.3708,719.25,-388.96,330.29
19,Giulia Garcia,27,CEDCA1,65.0,90.5364,92.9752,158.52,155.28,313.8
16,Alice Silva,27,CEDCA1,117.0,90.5224,92.9752,286.98,12.76,299.74
5,Northbridge Fund,28,BLUTE2,599.0,130.8711,112.0886,-11250.69,11522.15,271.46
1,Thomas Garcia,31,NOVAG4,146.0,111.7437,112.2563,74.84,168.66,243.5
16,Alice Silva,16,BLUSA5,124.0,58.0468,67.3708,1156.18,-945.18,211.0
21,Antoine Martin,29,WAVIN1,20.0,87.6417,83.732,-78.19,277.67,199.48
21,Antoine Martin,31,NOVAG4,72.0,110.4524,112.2563,129.88,51.35,181.23
15,Antoine Silva,32,DELIN7,51.0,64.8311,66.6704,93.8,78.19,172.0
13,Vantage Capital,16,BLUSA5,499.0,54.8128,67.3708,6266.44,-6114.82,151.62
20,Yasmine Novak,11,ORBAG4,205.0,26.5003,28.2623,361.21,-230.72,130.49
8,Silverline Holdings,37,SILPL1,3069.0,16.4112,16.0205,-1199.0,1328.96,129.97
19,Giulia Garcia,29,WAVIN1,33.0,89.0864,83.732,-176.69,295.92,119.23
14,Zoe Costa,2,QUACO1,78.0,99.0942,89.9745,-711.33,818.89,107.56
3,Alice Costa,31,NOVAG4,83.0,113.6495,112.2563,-115.63,219.94,104.31
12,Camille Costa,2,QUACO1,36.0,98.2564,89.9745,-298.15,399.96,101.81
21,Antoine Martin,9,CYBPA2,153.0,276.092,275.0435,-160.42,222.14,61.73
6,Diego Larsen,37,SILPL1,19.0,17.2298,16.0205,-22.98,81.0,58.03
12,Camille Costa,33,RIDPL0,33.0,32.8267,44.4424,383.32,-332.99,50.32
6,Diego Larsen,29,WAVIN1,6.0,90.2322,83.732,-39.0,88.22,49.22
19,Giulia Garcia,37,SILPL1,66.0,16.0622,16.0205,-2.75,51.36,48.61
16,Alice Silva,31,NOVAG4,68.0,113.6239,112.2563,-93.0,140.5,47.51
23,Sarah Larsen,31,NOVAG4,245.0,113.4931,112.2563,-303.02,322.69,19.67
20,Yasmine Novak,37,SILPL1,9.0,16.8852,16.0205,-7.78,6.48,-1.31
16,Alice Silva,37,SILPL1,99.0,16.6643,16.0205,-63.74,25.05,-38.69
25,Hugo Kowalski,37,SILPL1,93.0,16.6065,16.0205,-54.5,13.62,-40.88
16,Alice Silva,11,ORBAG4,76.0,29.1188,28.2623,-65.09,20.93,-44.16
1,Thomas Garcia,37,SILPL1,120.0,16.6997,16.0205,-81.51,-32.16,-113.66
2,Vantage Partners,29,WAVIN1,668.0,88.6982,83.732,-3317.41,3192.2,-125.2
21,Antoine Martin,11,ORBAG4,14.0,37.3721,28.2623,-127.54,0.0,-127.54
17,Zoe Muller,16,BLUSA5,22.0,54.3249,67.3708,287.01,-419.85,-132.84
25,Hugo Kowalski,31,NOVAG4,174.0,112.8258,112.2563,-99.09,-40.43,-139.53
23,Sarah Larsen,2,QUACO1,296.0,97.4602,89.9745,-2215.76,2067.06,-148.7
3,Alice Costa,37,SILPL1,82.0,17.1332,16.0205,-91.24,-64.27,-155.51
12,Camille Costa,37,SILPL1,237.0,16.7614,16.0205,-175.58,4.56,-171.02
5,Northbridge Fund,31,NOVAG4,1443.0,113.4487,112.2563,-1720.6,1516.88,-203.71
21,Antoine Martin,2,QUACO1,31.0,100.704,89.9745,-332.61,119.8,-212.82
16,Alice Silva,29,WAVIN1,52.0,89.0055,83.732,-274.22,44.58,-229.64
5,Northbridge Fund,37,SILPL1,885.0,16.6088,16.0205,-520.6,289.52,-231.09
21,Antoine Martin,37,SILPL1,163.0,17.3958,16.0205,-224.17,-23.51,-247.68
21,Antoine Martin,13,AMBPA6,151.0,139.2932,137.5057,-269.91,0.0,-269.91
17,Zoe Muller,31,NOVAG4,28.0,114.8425,112.2563,-72.41,-203.22,-275.64
14,Zoe Costa,31,NOVAG4,104.0,113.9478,112.2563,-175.92,-117.23,-293.15
20,Yasmine Novak,31,NOVAG4,279.0,111.5295,112.2563,202.79,-511.45,-308.66
14,Zoe Costa,37,SILPL1,293.0,16.7346,16.0205,-209.24,-135.97,-345.21
24,Anchor Fund,11,ORBAG4,3737.0,25.6199,28.2623,9874.83,-10226.29,-351.46
25,Hugo Kowalski,11,ORBAG4,118.0,28.7315,28.2623,-55.37,-298.21,-353.58
17,Zoe Muller,37,SILPL1,283.0,17.1533,16.0205,-320.59,-61.95,-382.54
1,Thomas Garcia,29,WAVIN1,62.0,88.9635,83.732,-324.35,-81.88,-406.23
13,Vantage Capital,11,ORBAG4,1240.0,24.4545,28.2623,4721.68,-5129.96,-408.28
17,Zoe Muller,29,WAVIN1,79.0,89.8355,83.732,-482.18,36.87,-445.3
15,Antoine Silva,11,ORBAG4,369.0,27.7177,28.2623,200.95,-652.52,-451.57
1,Thomas Garcia,11,ORBAG4,55.0,25.9469,28.2623,127.35,-580.26,-452.91
15,Antoine Silva,29,WAVIN1,42.0,91.0958,83.732,-309.28,-154.57,-463.85
23,Sarah Larsen,37,SILPL1,598.0,16.7316,16.0205,-425.26,-40.36,-465.62
22,Ridgeline Capital,37,SILPL1,840.0,16.8549,16.0205,-700.88,218.04,-482.84
17,Zoe Muller,22,ANCIN3,35.0,204.0508,177.4382,-931.44,406.13,-525.31
21,Antoine Martin,28,BLUTE2,34.0,141.8976,112.0886,-1013.5,466.28,-547.23
15,Antoine Silva,37,SILPL1,873.0,16.7951,16.0205,-676.2,128.81,-547.39
12,Camille Costa,29,WAVIN1,138.0,87.7016,83.732,-547.8,-16.17,-563.97
19,Giulia Garcia,22,ANCIN3,105.0,212.0295,177.4382,-3632.09,3057.72,-574.37
6,Diego Larsen,31,NOVAG4,6.0,114.9167,112.2563,-15.96,-607.56,-623.52
22,Ridgeline Capital,11,ORBAG4,3067.0,28.3263,28.2623,-196.36,-443.12,-639.47
19,Giulia Garcia,13,AMBPA6,28.0,138.1357,137.5057,-17.64,-639.39,-657.03
19,Giulia Garcia,31,NOVAG4,372.0,114.0196,112.2563,-655.95,-3.14,-659.09
21,Antoine Martin,5,WAVPL9,17.0,88.6609,48.512,-682.53,-14.74,-697.28
11,Harborview Group,37,SILPL1,2189.0,16.5791,16.0205,-1222.78,516.33,-706.45
2,Vantage Partners,37,SILPL1,812.0,17.0677,16.0205,-850.34,120.7,-729.63
3,Alice Costa,29,WAVIN1,55.0,91.4926,83.732,-426.83,-341.96,-768.79
20,Yasmine Novak,25,FALTE3,80.0,102.451,131.4268,2318.06,-3102.15,-784.09
15,Antoine Silva,8,SILCA5,71.0,72.8097,66.1855,-470.32,-324.75,-795.07
19,Giulia Garcia,12,IROAG7,49.0,73.1739,61.1118,-591.04,-209.84,-800.88
3,Alice Costa,11,ORBAG4,11.0,34.7267,28.2623,-71.11,-735.1,-806.21
21,Antoine Martin,12,IROAG7,152.0,66.2041,61.1118,-774.04,-42.39,-816.43
8,Silverline Holdings,2,QUACO1,3439.0,98.8032,89.9745,-30361.95,29531.3,-830.65
3,Alice Costa,2,QUACO1,99.0,97.5728,89.9745,-752.23,-122.42,-874.65
1,Thomas Garcia,2,QUACO1,213.0,96.2162,89.9745,-1329.47,447.24,-882.23
12,Camille Costa,39,PIOIN4,65.0,88.9486,112.7574,1547.57,-2466.56,-918.99
15,Antoine Silva,5,WAVPL9,120.0,65.5723,48.512,-2047.24,1083.78,-963.46
15,Antoine Silva,2,QUACO1,139.0,100.5071,89.9745,-1464.03,479.32,-984.7
20,Yasmine Novak,38,NORSA2,96.0,284.0099,261.6879,-2142.91,1128.68,-1014.23
15,Antoine Silva,3,BLUAG3,31.0,189.887,278.8114,2756.66,-3771.0,-1014.34
17,Zoe Muller,11,ORBAG4,242.0,28.6509,28.2623,-94.05,-944.48,-1038.53
6,Diego Larsen,8,SILCA5,150.0,71.2129,66.1855,-754.11,-290.23,-1044.35
14,Zoe Costa,15,SILIN4,163.0,359.4066,367.2083,1271.68,-2327.15,-1055.47
19,Giulia Garcia,11,ORBAG4,135.0,29.3372,28.2623,-145.12,-931.46,-1076.58
6,Diego Larsen,11,ORBAG4,96.0,30.4694,28.2623,-211.88,-878.68,-1090.56
14,Zoe Costa,29,WAVIN1,162.0,90.8157,83.732,-1147.56,42.5,-1105.07
23,Sarah Larsen,11,ORBAG4,336.0,28.8912,28.2623,-211.32,-927.15,-1138.47
1,Thomas Garcia,38,NORSA2,196.0,293.4274,261.6879,-6220.94,5080.66,-1140.27
2,Vantage Partners,33,RIDPL0,1050.0,37.8791,44.4424,6891.51,-8059.53,-1168.02
14,Zoe Costa,39,PIOIN4,218.0,98.8553,112.7574,3030.66,-4200.98,-1170.32
12,Camille Costa,31,NOVAG4,291.0,115.3791,112.2563,-908.74,-278.96,-1187.7
20,Yasmine Novak,12,IROAG7,435.0,63.1482,61.1118,-885.85,-336.9,-1222.74
1,Thomas Garcia,8,SILCA5,68.0,78.5089,66.1855,-837.99,-391.66,-1229.65
16,Alice Silva,12,IROAG7,121.0,68.6709,61.1118,-914.65,-340.54,-1255.18
19,Giulia Garcia,21,VERCA7,48.0,329.12,372.6011,2087.09,-3361.63,-1274.54
25,Hugo Kowalski,29,WAVIN1,179.0,90.8236,83.732,-1269.4,-23.38,-1292.78
25,Hugo Kowalski,2,QUACO1,254.0,96.6045,89.9745,-1684.03,357.18,-1326.85
19,Giulia Garcia,1,AURHO3,76.0,44.7637,33.5833,-849.71,-508.54,-1358.25
14,Zoe Costa,11,ORBAG4,63.0,29.9324,28.2623,-105.22,-1309.93,-1415.14
3,Alice Costa,1,AURHO3,120.0,44.8255,33.5833,-1349.06,-125.47,-1474.54
7,Meridian Asset Management,37,SILPL1,950.0,16.7252,16.0205,-669.5,-856.64,-1526.14
17,Zoe Muller,2,QUACO1,162.0,100.0994,89.9745,-1640.23,113.77,-1526.45
16,Alice Silva,13,AMBPA6,138.0,143.5394,137.5057,-832.66,-695.7,-1528.36
3,Alice Costa,8,SILCA5,170.0,74.3987,66.1855,-1396.25,-138.96,-1535.2
1,Thomas Garcia,25,FALTE3,2.0,83.3569,131.4268,96.14,-1633.76,-1537.62
6,Diego Larsen,6,CYBIN4,200.0,429.1973,437.1502,1590.58,-3129.99,-1539.41
16,Alice Silva,8,SILCA5,136.0,74.2671,66.1855,-1099.1,-450.76,-1549.86
17,Zoe Muller,8,SILCA5,169.0,75.4811,66.1855,-1570.95,-5.8,-1576.75
12,Camille Costa,28,BLUTE2,100.0,137.8384,112.0886,-2574.98,901.13,-1673.85
3,Alice Costa,5,WAVPL9,122.0,62.3996,48.512,-1694.28,14.48,-1679.81
6,Diego Larsen,2,QUACO1,364.0,94.2498,89.9745,-1556.21,-154.3,-1710.52
12,Camille Costa,1,AURHO3,23.0,44.5132,33.5833,-251.39,-1516.94,-1768.32
6,Diego Larsen,1,AURHO3,34.0,45.1588,33.5833,-393.57,-1400.07,-1793.63
11,Harborview Group,31,NOVAG4,2343.0,112.7629,112.2563,-1186.88,-654.88,-1841.75
21,Antoine Martin,8,SILCA5,108.0,76.3774,66.1855,-1100.72,-875.42,-1976.14
12,Camille Costa,13,AMBPA6,126.0,149.6886,137.5057,-1535.04,-459.18,-1994.22
20,Yasmine Novak,29,WAVIN1,287.0,89.9701,83.732,-1790.33,-209.68,-2000.01
20,Yasmine Novak,8,SILCA5,56.0,71.7436,66.1855,-311.25,-1725.42,-2036.67
15,Antoine Silva,13,AMBPA6,201.0,150.6531,137.5057,-2642.63,577.41,-2065.22
15,Antoine Silva,1,AURHO3,155.0,45.9235,33.5833,-1912.73,-174.38,-2087.12
25,Hugo Kowalski,1,AURHO3,85.0,46.8819,33.5833,-1130.38,-967.85,-2098.23
21,Antoine Martin,14,WAVIN2,108.0,404.5604,385.0886,-2102.95,0.0,-2102.95
4,Harborview Partners,37,SILPL1,2143.0,16.9877,16.0205,-2072.63,-219.89,-2292.52
16,Alice Silva,1,AURHO3,95.0,44.8848,33.5833,-1073.65,-1237.09,-2310.74
17,Zoe Muller,12,IROAG7,142.0,67.9394,61.1118,-969.51,-1427.77,-2397.28
20,Yasmine Novak,2,QUACO1,355.0,99.4411,89.9745,-3360.64,947.21,-2413.44
22,Ridgeline Capital,29,WAVIN1,631.0,90.0114,83.732,-3962.28,1548.37,-2413.91
19,Giulia Garcia,2,QUACO1,389.0,96.798,89.9745,-2654.34,206.48,-2447.86
25,Hugo Kowalski,12,IROAG7,242.0,69.7908,61.1118,-2100.31,-351.7,-2452.01
15,Antoine Silva,12,IROAG7,183.0,71.2551,61.1118,-1856.22,-619.53,-2475.75
3,Alice Costa,28,BLUTE2,15.0,149.5106,112.0886,-561.33,-2061.58,-2622.9
14,Zoe Costa,1,AURHO3,152.0,47.8139,33.5833,-2163.04,-461.54,-2624.58
21,Antoine Martin,22,ANCIN3,20.0,205.7536,177.4382,-566.31,-2082.68,-2648.99
6,Diego Larsen,12,IROAG7,305.0,69.4801,61.1118,-2552.33,-130.08,-2682.41
17,Zoe Muller,1,AURHO3,163.0,43.9798,33.5833,-1694.64,-1021.68,-2716.31
7,Meridian Asset Management,31,NOVAG4,1943.0,113.3707,112.2563,-2165.36,-625.09,-2790.45
21,Antoine Martin,1,AURHO3,146.0,51.0395,33.5833,-2548.6,-301.63,-2850.23
21,Antoine Martin,40,ZENCA1,54.0,214.5432,170.561,-2375.04,-568.99,-2944.03
17,Zoe Muller,39,PIOIN4,49.0,120.2001,112.7574,-364.69,-2592.58,-2957.27
1,Thomas Garcia,1,AURHO3,126.0,50.4753,33.5833,-2128.4,-834.77,-2963.17
15,Antoine Silva,9,CYBPA2,129.0,279.88,275.0435,-623.91,-2392.8,-3016.72
14,Zoe Costa,12,IROAG7,79.0,72.3211,61.1118,-885.53,-2245.15,-3130.68
23,Sarah Larsen,29,WAVIN1,539.0,89.3541,83.732,-3030.3,-165.93,-3196.23
14,Zoe Costa,22,ANCIN3,60.0,213.9819,177.4382,-2192.62,-1005.47,-3198.09
14,Zoe Costa,8,SILCA5,86.0,84.0354,66.1855,-1535.09,-1671.46,-3206.56
25,Hugo Kowalski,8,SILCA5,120.0,76.6885,66.1855,-1260.36,-1951.15,-3211.51
2,Vantage Partners,2,QUACO1,781.0,97.3506,89.9745,-5760.74,2547.73,-3213.01
18,Brightside Holdings,37,SILPL1,5024.0,16.6175,16.0205,-2999.32,-351.84,-3351.15
3,Alice Costa,40,ZENCA1,44.0,250.9273,170.561,-3536.12,73.47,-3462.65
16,Alice Silva,22,ANCIN3,61.0,224.978,177.4382,-2899.93,-601.03,-3500.95
13,Vantage Capital,33,RIDPL0,159.0,35.08,44.4424,1488.62,-5093.99,-3605.37
4,Harborview Partners,31,NOVAG4,929.0,113.4129,112.2563,-1074.48,-2597.05,-3671.52
23,Sarah Larsen,21,VERCA7,94.0,334.4297,372.6011,3588.11,-7330.28,-3742.16
11,Harborview Group,29,WAVIN1,610.0,90.6147,83.732,-4198.43,357.27,-3841.16
12,Camille Costa,8,SILCA5,171.0,75.6256,66.1855,-1614.25,-2243.45,-3857.71
19,Giulia Garcia,39,PIOIN4,77.0,102.7165,112.7574,773.15,-4648.54,-3875.39
13,Vantage Capital,37,SILPL1,3160.0,17.0121,16.0205,-3133.52,-813.26,-3946.78
6,Diego Larsen,39,PIOIN4,4.0,97.5953,112.7574,60.65,-4323.97,-4263.32
13,Vantage Capital,31,NOVAG4,3398.0,112.6278,112.2563,-1262.49,-3060.54,-4323.03
3,Alice Costa,12,IROAG7,300.0,73.1628,61.1118,-3615.3,-722.56,-4337.85
10,Harborview Holdings,37,SILPL1,3352.0,16.6606,16.0205,-2145.71,-2348.79,-4494.5
24,Anchor Fund,37,SILPL1,3909.0,17.075,16.0205,-4122.2,-447.89,-4570.09
20,Yasmine Novak,1,AURHO3,215.0,50.5744,33.5833,-3653.08,-969.2,-4622.28
15,Antoine Silva,36,ANCSA3,61.0,121.8381,89.2146,-1990.04,-2777.82,-4767.86
1,Thomas Garcia,39,PIOIN4,72.0,116.139,112.7574,-243.47,-4644.92,-4888.39
16,Alice Silva,5,WAVPL9,78.0,90.706,48.512,-3291.13,-1626.18,-4917.31
12,Camille Costa,12,IROAG7,387.0,71.0109,61.1118,-3830.94,-1185.77,-5016.71
1,Thomas Garcia,12,IROAG7,441.0,67.7425,61.1118,-2924.14,-2107.63,-5031.77
25,Hugo Kowalski,13,AMBPA6,272.0,151.5609,137.5057,-3823.02,-1228.25,-5051.26
7,Meridian Asset Management,16,BLUSA5,1014.0,56.6629,67.3708,10857.78,-15980.78,-5123.0
17,Zoe Muller,5,WAVPL9,88.0,80.7772,48.512,-2839.34,-2452.0,-5291.34
15,Antoine Silva,28,BLUTE2,164.0,139.0877,112.0886,-4427.85,-924.27,-5352.12
8,Silverline Holdings,31,NOVAG4,5043.0,112.866,112.2563,-3074.58,-2303.2,-5377.78
25,Hugo Kowalski,22,ANCIN3,179.0,208.4206,177.4382,-5545.85,108.62,-5437.23
23,Sarah Larsen,13,AMBPA6,347.0,149.9268,137.5057,-4310.11,-1195.64,-5505.76
5,Northbridge Fund,11,ORBAG4,282.0,27.6432,28.2623,174.6,-5708.59,-5533.99
10,Harborview Holdings,2,QUACO1,3483.0,95.4288,89.9745,-18997.21,13214.85,-5782.36
25,Hugo Kowalski,39,PIOIN4,209.0,112.6095,112.7574,30.91,-5875.44,-5844.53
25,Hugo Kowalski,25,FALTE3,96.0,132.5488,131.4268,-107.71,-5899.75,-6007.46
5,Northbridge Fund,29,WAVIN1,1320.0,88.511,83.732,-6308.27,201.53,-6106.74
1,Thomas Garcia,5,WAVPL9,119.0,77.0701,48.512,-3398.42,-2737.77,-6136.18
12,Camille Costa,38,NORSA2,38.0,340.6451,261.6879,-3000.37,-3457.91,-6458.28
18,Brightside Holdings,31,NOVAG4,2275.0,112.6987,112.2563,-1006.52,-5473.31,-6479.83
23,Sarah Larsen,1,AURHO3,455.0,45.0273,33.5833,-5207.0,-1446.07,-6653.07
3,Alice Costa,22,ANCIN3,175.0,218.1012,177.4382,-7116.03,349.21,-6766.82
6,Diego Larsen,28,BLUTE2,159.0,152.6691,112.0886,-6452.31,-327.39,-6779.69
16,Alice Silva,28,BLUTE2,239.0,144.9633,112.0886,-7857.06,1033.38,-6823.68
23,Sarah Larsen,8,SILCA5,171.0,79.8404,66.1855,-2334.98,-4497.9,-6832.88
15,Antoine Silva,22,ANCIN3,34.0,221.5337,177.4382,-1499.25,-5463.78,-6963.03
6,Diego Larsen,38,NORSA2,65.0,314.3333,261.6879,-3421.95,-3646.72,-7068.68
5,Northbridge Fund,12,IROAG7,649.0,67.3953,61.1118,-4077.98,-3015.8,-7093.79
21,Antoine Martin,36,ANCSA3,127.0,131.3146,89.2146,-5346.7,-1796.7,-7143.39
24,Anchor Fund,31,NOVAG4,2412.0,113.6264,112.2563,-3304.62,-3903.83,-7208.45
14,Zoe Costa,5,WAVPL9,166.0,88.5263,48.512,-6642.37,-754.8,-7397.17
4,Harborview Partners,2,QUACO1,1896.0,97.4058,89.9745,-14089.71,6664.87,-7424.84
2,Vantage Partners,31,NOVAG4,8584.0,112.9552,112.2563,-5999.03,-1566.79,-7565.82
19,Giulia Garcia,25,FALTE3,78.0,115.2276,131.4268,1263.54,-8859.95,-7596.41
14,Zoe Costa,28,BLUTE2,179.0,151.1031,112.0886,-6983.59,-686.69,-7670.28
7,Meridian Asset Management,29,WAVIN1,1554.0,89.6196,83.732,-9149.27,1362.76,-7786.51
20,Yasmine Novak,36,ANCSA3,148.0,134.9497,89.2146,-6768.79,-1069.54,-7838.32
22,Ridgeline Capital,31,NOVAG4,2833.0,114.4081,112.2563,-6096.13,-2254.45,-8350.58
20,Yasmine Novak,40,ZENCA1,234.0,203.2175,170.561,-7641.62,-735.4,-8377.02
20,Yasmine Novak,22,ANCIN3,171.0,219.3929,177.4382,-7174.26,-1325.01,-8499.27
17,Zoe Muller,10,HARIN3,119.0,227.578,142.5095,-10123.15,1361.7,-8761.45
25,Hugo Kowalski,5,WAVPL9,216.0,85.0135,48.512,-7884.32,-984.91,-8869.23
2,Vantage Partners,13,AMBPA6,2027.0,142.4005,137.5057,-9921.68,901.56,-9020.13
15,Antoine Silva,40,ZENCA1,61.0,281.3943,170.561,-6760.83,-2505.55,-9266.38
23,Sarah Larsen,12,IROAG7,355.0,74.7161,61.1118,-4829.53,-4481.93,-9311.46
6,Diego Larsen,22,ANCIN3,71.0,232.9894,177.4382,-3944.14,-5394.48,-9338.61
20,Yasmine Novak,5,WAVPL9,108.0,94.7462,48.512,-4993.29,-4354.05,-9347.34
19,Giulia Garcia,36,ANCSA3,86.0,143.695,89.2146,-4685.31,-4673.36,-9358.67
10,Harborview Holdings,31,NOVAG4,4070.0,113.9307,112.2563,-6814.92,-2624.05,-9438.97
12,Camille Costa,40,ZENCA1,140.0,220.7525,170.561,-7026.8,-2437.95,-9464.75
15,Antoine Silva,38,NORSA2,128.0,303.5,261.6879,-5351.95,-4133.12,-9485.07
21,Antoine Martin,10,HARIN3,160.0,224.188,142.5095,-13068.56,3454.81,-9613.75
19,Giulia Garcia,5,WAVPL9,140.0,103.936,48.512,-7759.35,-2045.21,-9804.56
12,Camille Costa,22,ANCIN3,189.0,205.8082,177.4382,-5361.93,-4518.93,-9880.86
1,Thomas Garcia,22,ANCIN3,307.0,212.9011,177.4382,-10887.1,780.98,-10106.11
15,Antoine Silva,39,PIOIN4,88.0,129.3653,112.7574,-1461.5,-8917.91,-10379.41
1,Thomas Garcia,28,BLUTE2,329.0,142.8628,112.0886,-10124.7,-293.76,-10418.46
7,Meridian Asset Management,11,ORBAG4,1599.0,27.9237,28.2623,541.44,-11047.88,-10506.44
22,Ridgeline Capital,39,PIOIN4,1865.0,99.5992,112.7574,24540.07,-35060.4,-10520.33
19,Giulia Garcia,40,ZENCA1,86.0,239.5563,170.561,-5933.6,-4805.01,-10738.61
7,Meridian Asset Management,39,PIOIN4,1065.0,95.2543,112.7574,18640.83,-29459.22,-10818.39
3,Alice Costa,36,ANCSA3,110.0,153.9765,89.2146,-7123.81,-3838.36,-10962.17
6,Diego Larsen,5,WAVPL9,481.0,70.2378,48.512,-10450.13,-605.33,-11055.46
16,Alice Silva,39,PIOIN4,322.0,138.5537,112.7574,-8306.39,-2805.14,-11111.54
17,Zoe Muller,38,NORSA2,18.0,381.037,261.6879,-2148.28,-9007.75,-11156.04
24,Anchor Fund,39,PIOIN4,3091.0,95.0613,112.7574,54698.73,-66652.37,-11953.64
11,Harborview Group,11,ORBAG4,1916.0,29.7907,28.2623,-2928.39,-9030.74,-11959.13
12,Camille Costa,5,WAVPL9,152.0,93.9301,48.512,-6903.54,-5466.86,-12370.41
6,Diego Larsen,10,HARIN3,120.0,260.091,142.5095,-14109.78,1673.98,-12435.81
20,Yasmine Novak,28,BLUTE2,347.0,151.2724,112.0886,-13596.79,691.05,-12905.74
16,Alice Silva,14,WAVIN2,232.0,456.955,385.0886,-16673.0,3280.1,-13392.9
25,Hugo Kowalski,28,BLUTE2,292.0,154.9284,112.0886,-12509.23,-1031.74,-13540.97
5,Northbridge Fund,1,AURHO3,932.0,43.2466,33.5833,-9006.22,-4648.65,-13654.87
18,Brightside Holdings,2,QUACO1,4674.0,96.1779,89.9745,-28994.65,15290.08,-13704.57
25,Hugo Kowalski,10,HARIN3,176.0,230.0898,142.5095,-15414.13,1625.63,-13788.5
2,Vantage Partners,14,WAVIN2,1049.0,422.9077,385.0886,-39672.27,25841.93,-13830.34
14,Zoe Costa,10,HARIN3,127.0,270.1611,142.5095,-16211.76,2032.88,-14178.88
4,Harborview Partners,11,ORBAG4,1857.0,30.9365,28.2623,-4966.02,-9264.05,-14230.07
17,Zoe Muller,36,ANCSA3,66.0,150.2992,89.2146,-4031.58,-10397.46,-14429.04
7,Meridian Asset Management,2,QUACO1,2499.0,97.278,89.9745,-18251.47,3679.04,-14572.43
13,Vantage Capital,21,VERCA7,725.0,339.2053,372.6011,24211.95,-38832.82,-14620.87
2,Vantage Partners,12,IROAG7,942.0,71.5769,61.1118,-9858.17,-4815.15,-14673.31
25,Hugo Kowalski,38,NORSA2,136.0,371.1771,261.6879,-14890.54,-16.6,-14907.14
23,Sarah Larsen,28,BLUTE2,419.0,146.8286,112.0886,-14556.07,-580.14,-15136.21
4,Harborview Partners,29,WAVIN1,1859.0,90.934,83.732,-13388.46,-2014.82,-15403.28
16,Alice Silva,36,ANCSA3,177.0,174.0117,89.2146,-15009.09,-421.86,-15430.95
6,Diego Larsen,36,ANCSA3,184.0,152.5148,89.2146,-11647.25,-3882.18,-15529.43
2,Vantage Partners,11,ORBAG4,4791.0,27.2378,28.2623,4908.26,-21121.72,-16213.46
22,Ridgeline Capital,13,AMBPA6,2847.0,141.018,137.5057,-9999.43,-6250.61,-16250.04
23,Sarah Larsen,40,ZENCA1,102.0,243.6047,170.561,-7450.46,-9314.54,-16765.0
16,Alice Silva,38,NORSA2,66.0,331.4043,261.6879,-4601.28,-12457.07,-17058.35
23,Sarah Larsen,22,ANCIN3,595.0,207.0284,177.4382,-17606.19,211.94,-17394.25
19,Giulia Garcia,8,SILCA5,941.0,74.6177,66.1855,-7934.66,-9511.58,-17446.23
3,Alice Costa,38,NORSA2,147.0,382.0003,261.6879,-17685.92,174.23,-17511.69
12,Camille Costa,36,ANCSA3,71.5,153.7153,89.2146,-4611.8,-13066.58,-17678.38
10,Harborview Holdings,29,WAVIN1,3626.0,89.3383,83.732,-20328.29,2445.11,-17883.18
12,Camille Costa,10,HARIN3,234.0,224.447,142.5095,-19173.38,431.79,-18741.59
1,Thomas Garcia,36,ANCSA3,99.0,179.2741,89.2146,-8915.89,-10029.01,-18944.9
21,Antoine Martin,38,NORSA2,161.0,380.7382,261.6879,-19167.1,0.0,-19167.1
8,Silverline Holdings,13,AMBPA6,4114.0,143.7008,137.5057,-25486.71,5254.41,-20232.3
1,Thomas Garcia,10,HARIN3,166.0,252.5567,142.5095,-18267.84,-2766.32,-21034.15
20,Yasmine Novak,10,HARIN3,149.0,270.6712,142.5095,-19096.1,-2118.33,-21214.43
22,Ridgeline Capital,2,QUACO1,2915.0,98.294,89.9745,-24251.25,2524.74,-21726.51
9,Ridgeline Holdings,37,SILPL1,22492.0,16.8472,16.0205,-18593.56,-3388.39,-21981.94
23,Sarah Larsen,25,FALTE3,209.0,150.8096,131.4268,-4051.01,-17939.95,-21990.96
14,Zoe Costa,36,ANCSA3,275.0,168.4876,89.2146,-21800.08,-587.76,-22387.84
2,Vantage Partners,5,WAVPL9,723.0,75.1692,48.512,-19273.12,-3401.12,-22674.24
22,Ridgeline Capital,12,IROAG7,1618.0,67.16,61.1118,-9785.98,-13028.93,-22814.92
7,Meridian Asset Management,12,IROAG7,1430.0,68.4545,61.1118,-10500.09,-12357.9,-22857.98
4,Harborview Partners,1,AURHO3,2195.0,39.6988,33.5833,-13423.52,-9487.99,-22911.5
11,Harborview Group,8,SILCA5,1743.0,72.1024,66.1855,-10313.1,-12770.99,-23084.08
5,Northbridge Fund,21,VERCA7,412.0,337.7867,372.6011,14343.55,-37915.11,-23571.57
25,Hugo Kowalski,40,ZENCA1,315.0,235.6406,170.561,-20500.06,-3659.92,-24159.99
13,Vantage Capital,12,IROAG7,1830.0,68.4884,61.1118,-13499.18,-10717.98,-24217.16
11,Harborview Group,21,VERCA7,1530.0,341.6782,372.6011,47312.1,-71909.74,-24597.64
5,Northbridge Fund,8,SILCA5,1559.0,75.3932,66.1855,-14354.76,-10657.51,-25012.27
22,Ridgeline Capital,8,SILCA5,2620.0,74.3687,66.1855,-21439.87,-4230.28,-25670.14
2,Vantage Partners,8,SILCA5,2235.0,75.8766,66.1855,-21659.65,-4316.35,-25976.0
23,Sarah Larsen,5,WAVPL9,400.0,86.2177,48.512,-15082.26,-11138.33,-26220.6
18,Brightside Holdings,11,ORBAG4,2254.0,28.8231,28.2623,-1264.05,-24992.56,-26256.61
25,Hugo Kowalski,36,ANCSA3,343.0,149.6141,89.2146,-20717.04,-5616.69,-26333.73
17,Zoe Muller,40,ZENCA1,393.0,229.5673,170.561,-23189.49,-3191.11,-26380.6
13,Vantage Capital,8,SILCA5,1821.0,77.3673,66.1855,-20362.06,-6406.99,-26769.05
11,Harborview Group,39,PIOIN4,2148.0,98.223,112.7574,31219.88,-58840.3,-27620.41
11,Harborview Group,22,ANCIN3,1034.0,198.3599,177.4382,-21633.05,-6844.23,-28477.27
6,Diego Larsen,40,ZENCA1,167.0,254.5448,170.561,-14025.29,-14857.4,-28882.69
4,Harborview Partners,8,SILCA5,2282.0,73.7859,66.1855,-17344.13,-11674.76,-29018.88
19,Giulia Garcia,10,HARIN3,155.0,303.7514,142.5095,-24992.49,-4169.29,-29161.78
22,Ridgeline Capital,1,AURHO3,1848.0,41.3447,33.5833,-14343.02,-15196.87,-29539.89
18,Brightside Holdings,29,WAVIN1,4384.0,90.3402,83.732,-28970.16,-1060.47,-30030.63
13,Vantage Capital,1,AURHO3,1716.0,43.8215,33.5833,-17568.74,-12473.5,-30042.25
24,Anchor Fund,29,WAVIN1,5490.0,89.6638,83.732,-32565.84,2045.82,-30520.01
1,Thomas Garcia,40,ZENCA1,357.0,249.4346,170.561,-28157.89,-2770.46,-30928.35
4,Harborview Partners,12,IROAG7,2880.0,68.2688,61.1118,-20612.28,-10573.93,-31186.21
14,Zoe Costa,38,NORSA2,531.0,312.0566,261.6879,-26745.78,-4703.61,-31449.39
23,Sarah Larsen,36,ANCSA3,402.0,131.3328,89.2146,-16931.51,-14818.65,-31750.16
2,Vantage Partners,28,BLUTE2,1139.0,140.8599,112.0886,-32770.49,926.85,-31843.64
9,Ridgeline Holdings,31,NOVAG4,25496.0,113.2942,112.2563,-26462.06,-5917.02,-32379.07
22,Ridgeline Capital,28,BLUTE2,859.0,148.8633,112.0886,-31589.45,-1086.64,-32676.09
18,Brightside Holdings,13,AMBPA6,3009.0,146.4942,137.5057,-27046.47,-6504.2,-33550.66
7,Meridian Asset Management,8,SILCA5,3383.0,74.2691,66.1855,-27346.72,-6516.53,-33863.25
8,Silverline Holdings,28,BLUTE2,1392.0,142.6736,112.0886,-42574.3,8697.34,-33876.95
8,Silverline Holdings,11,ORBAG4,3625.0,30.3305,28.2623,-7497.39,-26946.43,-34443.82
2,Vantage Partners,22,ANCIN3,1005.0,213.6521,177.4382,-36394.96,1299.28,-35095.67
10,Harborview Holdings,11,ORBAG4,3928.0,31.2093,28.2623,-11575.95,-25710.89,-37286.83
7,Meridian Asset Management,1,AURHO3,2044.0,44.6348,33.5833,-22589.33,-15417.17,-38006.5
11,Harborview Group,12,IROAG7,2031.0,73.081,61.1118,-24309.51,-13992.2,-38301.72
8,Silverline Holdings,8,SILCA5,1449.0,74.627,66.1855,-12231.71,-27064.69,-39296.4
5,Northbridge Fund,25,FALTE3,390.0,108.2273,131.4268,9047.82,-48458.2,-39410.37
8,Silverline Holdings,12,IROAG7,907.0,71.3298,61.1118,-9267.7,-30394.87,-39662.58
11,Harborview Group,13,AMBPA6,2671.0,147.674,137.5057,-27159.42,-15390.44,-42549.85
24,Anchor Fund,22,ANCIN3,1421.0,206.5603,177.4382,-41382.56,-1218.41,-42600.97
9,Ridgeline Holdings,2,QUACO1,16763.0,97.2025,89.9745,-121162.2,78477.14,-42685.06
7,Meridian Asset Management,28,BLUTE2,1042.0,147.5273,112.0886,-36927.18,-6792.89,-43720.06
15,Antoine Silva,10,HARIN3,262.0,304.3044,142.5095,-42390.26,-1956.19,-44346.46
19,Giulia Garcia,28,BLUTE2,1376.0,143.3342,112.0886,-42993.95,-1796.69,-44790.64
11,Harborview Group,28,BLUTE2,1459.0,139.7655,112.0886,-40380.57,-4434.13,-44814.7
5,Northbridge Fund,5,WAVPL9,747.0,97.1805,48.512,-36355.38,-9097.31,-45452.69
7,Meridian Asset Management,14,WAVIN2,2370.0,435.259,385.0886,-118903.95,73377.57,-45526.38
13,Vantage Capital,22,ANCIN3,1791.0,202.3252,177.4382,-44572.54,-2592.87,-47165.41
24,Anchor Fund,12,IROAG7,1704.0,71.2697,61.1118,-17309.14,-29924.0,-47233.14
24,Anchor Fund,1,AURHO3,843.0,44.3663,33.5833,-9090.09,-38196.35,-47286.44
10,Harborview Holdings,1,AURHO3,2845.0,44.9286,33.5833,-32277.35,-15917.99,-48195.34
24,Anchor Fund,25,FALTE3,2333.0,103.782,131.4268,64495.39,-112939.38,-48443.99
18,Brightside Holdings,12,IROAG7,308.0,72.8331,61.1118,-3610.16,-45106.95,-48717.11
23,Sarah Larsen,10,HARIN3,354.0,286.0352,142.5095,-50808.09,-106.63,-50914.72
14,Zoe Costa,40,ZENCA1,635.0,232.7718,170.561,-39503.84,-12644.81,-52148.65
13,Vantage Capital,5,WAVPL9,1226.0,75.3668,48.512,-32924.0,-21100.36,-54024.36
4,Harborview Partners,13,AMBPA6,7921.0,145.7847,137.5057,-65577.77,11388.27,-54189.49
10,Harborview Holdings,8,SILCA5,4663.0,73.7257,66.1855,-35159.85,-19865.12,-55024.97
22,Ridgeline Capital,5,WAVPL9,1165.0,82.9386,48.512,-40106.99,-17024.33,-57131.32
24,Anchor Fund,8,SILCA5,3232.0,76.2872,66.1855,-32648.56,-25088.42,-57736.98
4,Harborview Partners,5,WAVPL9,312.0,98.1148,48.512,-15476.06,-43498.72,-58974.78
7,Meridian Asset Management,22,ANCIN3,2453.0,208.3106,177.4382,-75730.04,14640.58,-61089.46
23,Sarah Larsen,38,NORSA2,509.0,337.3431,261.6879,-38508.47,-23445.52,-61953.99
18,Brightside Holdings,8,SILCA5,1793.0,75.4221,66.1855,-16561.19,-45510.87,-62072.06
13,Vantage Capital,28,BLUTE2,1604.0,146.4762,112.0886,-55157.73,-8309.89,-63467.62
8,Silverline Holdings,1,AURHO3,2727.0,47.4196,33.5833,-37731.68,-27357.67,-65089.35
10,Harborview Holdings,22,ANCIN3,1846.0,209.0187,177.4382,-58297.61,-7858.84,-66156.45
11,Harborview Group,1,AURHO3,4066.0,47.8112,33.5833,-57850.65,-12054.15,-69904.8
10,Harborview Holdings,12,IROAG7,3382.0,72.4247,61.1118,-38260.22,-38672.73,-76932.94
22,Ridgeline Capital,22,ANCIN3,2207.0,203.7996,177.4382,-58179.7,-19845.67,-78025.37
2,Vantage Partners,38,NORSA2,584.0,369.2222,261.6879,-62800.04,-15491.1,-78291.14
18,Brightside Holdings,1,AURHO3,2082.0,45.5205,33.5833,-24853.25,-53667.07,-78520.32
9,Ridgeline Holdings,11,ORBAG4,24133.0,27.3538,28.2623,21924.59,-104402.64,-82478.05
8,Silverline Holdings,5,WAVPL9,1777.0,77.0965,48.512,-50794.69,-35001.48,-85796.17
4,Harborview Partners,36,ANCSA3,750.5,149.602,89.2146,-45320.77,-41658.83,-86979.6
5,Northbridge Fund,22,ANCIN3,2295.0,218.2157,177.4382,-93584.44,5621.34,-87963.11
13,Vantage Capital,29,WAVIN1,16069.0,89.8099,83.732,-97666.22,3923.28,-93742.94
18,Brightside Holdings,39,PIOIN4,5168.0,104.1579,112.7574,44442.45,-139567.96,-95125.5
18,Brightside Holdings,28,BLUTE2,2639.0,152.5207,112.0886,-106700.25,9821.26,-96878.99
4,Harborview Partners,22,ANCIN3,2512.0,210.0381,177.4382,-81890.84,-18219.62,-100110.46
16,Alice Silva,10,HARIN3,522.0,271.8003,142.5095,-67489.81,-32673.28,-100163.09
16,Alice Silva,40,ZENCA1,1136.0,244.3041,170.561,-83772.15,-22070.33,-105842.48
8,Silverline Holdings,22,ANCIN3,2937.0,208.5079,177.4382,-91251.63,-14656.96,-105908.59
24,Anchor Fund,28,BLUTE2,5294.0,137.4872,112.0886,-134460.21,26592.01,-107868.2
13,Vantage Capital,36,ANCSA3,892.0,146.2547,89.2146,-50879.75,-57749.74,-108629.5
7,Meridian Asset Management,5,WAVPL9,2835.0,82.8367,48.512,-97310.39,-16524.38,-113834.77
8,Silverline Holdings,25,FALTE3,1962.0,118.6497,131.4268,25068.73,-140057.57,-114988.83
11,Harborview Group,40,ZENCA1,88.5,242.6354,170.561,-6378.58,-116923.78,-123302.37
13,Vantage Capital,10,HARIN3,772.0,251.9233,142.5095,-84467.44,-39891.57,-124359.01
2,Vantage Partners,36,ANCSA3,1750.0,152.1493,89.2146,-110135.66,-16907.35,-127043.01
2,Vantage Partners,40,ZENCA1,1850.0,230.4382,170.561,-110772.88,-19522.33,-130295.22
4,Harborview Partners,38,NORSA2,910.0,377.0111,261.6879,-104944.16,-31289.07,-136233.23
4,Harborview Partners,39,PIOIN4,1344.0,125.5158,112.7574,-17147.3,-120208.12,-137355.43
24,Anchor Fund,5,WAVPL9,1036.0,84.7143,48.512,-37505.54,-103156.92,-140662.46
8,Silverline Holdings,39,PIOIN4,3008.0,109.9173,112.7574,8542.96,-153867.4,-145324.44
10,Harborview Holdings,38,NORSA2,2730.0,326.4915,261.6879,-176913.84,31562.3,-145351.54
18,Brightside Holdings,22,ANCIN3,3562.0,207.4411,177.4382,-106870.33,-39653.14,-146523.47
4,Harborview Partners,28,BLUTE2,4107.0,148.1739,112.0886,-148202.29,-1382.04,-149584.33
5,Northbridge Fund,40,ZENCA1,2428.0,226.0362,170.561,-134693.73,-25038.27,-159732.0
11,Harborview Group,38,NORSA2,889.0,362.9042,261.6879,-89981.29,-70870.19,-160851.48
19,Giulia Garcia,38,NORSA2,1031.0,354.6452,261.6879,-95838.94,-66377.22,-162216.16
7,Meridian Asset Management,36,ANCSA3,1181.0,145.1696,89.2146,-66082.87,-97428.46,-163511.33
22,Ridgeline Capital,25,FALTE3,204.0,118.0651,131.4268,2725.79,-169345.78,-166619.99
11,Harborview Group,5,WAVPL9,2507.0,97.2365,48.512,-122152.24,-46118.0,-168270.24
10,Harborview Holdings,28,BLUTE2,4647.0,145.5274,112.0886,-155390.25,-18257.76,-173648.01
2,Vantage Partners,1,AURHO3,11150.0,47.0011,33.5833,-149608.4,-27243.03,-176851.43
13,Vantage Capital,40,ZENCA1,1516.0,252.8202,170.561,-124704.97,-53934.21,-178639.18
4,Harborview Partners,10,HARIN3,1199.0,297.2517,142.5095,-185535.95,6848.13,-178687.82
22,Ridgeline Capital,36,ANCSA3,2541.0,137.7309,89.2146,-123279.95,-63654.71,-186934.66
5,Northbridge Fund,38,NORSA2,416.0,402.0062,261.6879,-58372.4,-130463.33,-188835.73
7,Meridian Asset Management,10,HARIN3,1616.0,246.2769,142.5095,-167688.09,-26167.75,-193855.84
9,Ridgeline Holdings,29,WAVIN1,28457.0,90.2807,83.732,-186356.83,-8569.66,-194926.49
22,Ridgeline Capital,40,ZENCA1,1822.0,246.1349,170.561,-137695.6,-59669.78,-197365.38
11,Harborview Group,36,ANCSA3,3931.0,138.0884,89.2146,-192122.81,-27596.79,-219719.59
7,Meridian Asset Management,40,ZENCA1,1179.0,239.5276,170.561,-81311.61,-159830.36,-241141.97
8,Silverline Holdings,36,ANCSA3,3799.0,139.2093,89.2146,-189929.94,-52823.53,-242753.47
10,Harborview Holdings,36,ANCSA3,3538.0,133.1855,89.2146,-155568.95,-92539.82,-248108.77
22,Ridgeline Capital,10,HARIN3,1087.0,271.2898,142.5095,-139984.22,-113916.81,-253901.03
2,Vantage Partners,10,HARIN3,2228.0,248.4105,142.5095,-235947.51,-22338.9,-258286.41
13,Vantage Capital,39,PIOIN4,10664.0,101.4841,112.7574,120218.78,-380246.83,-260028.05
10,Harborview Holdings,5,WAVPL9,5936.0,79.0304,48.512,-181157.08,-88960.39,-270117.47
18,Brightside Holdings,5,WAVPL9,4315.0,88.2004,48.512,-171255.43,-99889.71,-271145.14
24,Anchor Fund,40,ZENCA1,3207.0,225.9307,170.561,-177570.65,-97099.26,-274669.91
9,Ridgeline Holdings,13,AMBPA6,18452.0,149.1215,137.5057,-214333.82,-74208.96,-288542.79
11,Harborview Group,10,HARIN3,1811.0,268.0904,142.5095,-227427.04,-76424.8,-303851.84
9,Ridgeline Holdings,12,IROAG7,15055.0,71.1539,61.1118,-151184.04,-168822.91,-320006.95
4,Harborview Partners,40,ZENCA1,2686.0,247.0458,170.561,-205438.22,-118341.27,-323779.5
5,Northbridge Fund,10,HARIN3,1751.0,274.4765,142.5095,-231074.26,-107608.58,-338682.84
22,Ridgeline Capital,38,NORSA2,2443.0,353.6248,261.6879,-224601.86,-115136.02,-339737.88
9,Ridgeline Holdings,8,SILCA5,25851.0,74.4053,66.1855,-212489.15,-131881.53,-344370.68
18,Brightside Holdings,40,ZENCA1,2636.0,246.6533,170.561,-200579.35,-145612.69,-346192.04
8,Silverline Holdings,38,NORSA2,3667.0,343.6436,261.6879,-300531.55,-47118.14,-347649.69
8,Silverline Holdings,40,ZENCA1,4681.0,229.4907,170.561,-275849.72,-94465.55,-370315.27
18,Brightside Holdings,36,ANCSA3,2924.0,149.1162,89.2146,-175152.33,-195714.77,-370867.1
13,Vantage Capital,38,NORSA2,2028.0,386.8217,261.6879,-253771.43,-122590.13,-376361.56
9,Ridgeline Holdings,1,AURHO3,26070.0,44.0304,33.5833,-272356.07,-105156.97,-377513.04
7,Meridian Asset Management,38,NORSA2,2443.0,381.6813,261.6879,-293143.98,-85395.27,-378539.25
24,Anchor Fund,36,ANCSA3,5280.0,145.6084,89.2146,-297759.38,-86564.84,-384324.21
24,Anchor Fund,10,HARIN3,3694.0,264.915,142.5095,-452165.98,19869.11,-432296.87
10,Harborview Holdings,40,ZENCA1,3667.0,243.3441,170.561,-266895.51,-185300.47,-452195.98
8,Silverline Holdings,10,HARIN3,2834.0,269.244,142.5095,-359165.45,-110360.76,-469526.21
10,Harborview Holdings,10,HARIN3,2543.0,272.5296,142.5095,-330641.05,-151043.13,-481684.18
24,Anchor Fund,38,NORSA2,1813.0,390.7816,261.6879,-234046.83,-284069.01,-518115.84
9,Ridgeline Holdings,28,BLUTE2,12872.0,146.7338,112.0886,-445952.99,-74782.66,-520735.65
18,Brightside Holdings,38,NORSA2,3546.0,365.2689,261.6879,-367298.23,-159905.21,-527203.43
18,Brightside Holdings,10,HARIN3,5215.0,261.9401,142.5095,-622830.66,-102393.74,-725224.4
5,Northbridge Fund,36,ANCSA3,9123.0,138.2342,89.2146,-447205.43,-311085.79,-758291.22
9,Ridgeline Holdings,22,ANCIN3,16583.0,214.4389,177.4382,-613582.43,-283898.38,-897480.81
9,Ridgeline Holdings,5,WAVPL9,9514.0,83.2569,48.512,-330562.59,-571535.18,-902097.77
9,Ridgeline Holdings,39,PIOIN4,13692.0,111.0633,112.7574,23195.74,-989266.27,-966070.54
9,Ridgeline Holdings,36,ANCSA3,17501.0,140.3495,89.2146,-894912.65,-737731.7,-1632644.34
9,Ridgeline Holdings,40,ZENCA1,23320.0,248.1125,170.561,-1808502.11,-715153.9,-2523656.01
9,Ridgeline Holdings,38,NORSA2,30630.0,335.2444,261.6879,-2253034.99,-645552.22,-2898587.21
9,Ridgeline Holdings,10,HARIN3,14674.0,293.6744,142.5095,-2218193.22,-725876.28,-2944069.5
